id,node,capacity (MW),offer ($/MW)
A3153_0,North,1.0,8.16
A3153_1,North,245.0,9.54
A3153_2,North,1.0,14.27
A3153_3,North,72.0,14.28
A3167_0,Central,330.0,8.74
A3167_1,Central,10.300000000000011,8.83
A3167_2,Central,190.2,12.87
A3167_3,Central,49.89999999999998,15.87
A3167_4,Central,0.10000000000002274,37.87
A3174_0,Central,250.0,20.2
A3174_1,Central,30.0,20.51
A3174_2,Central,30.0,20.81
A3174_3,Central,30.0,21.12
A3174_4,Central,30.0,21.42
A3174_5,Central,30.0,21.73
A3174_6,Central,30.0,22.03
A3174_7,Central,30.0,22.34
A3174_8,Central,30.0,22.64
A3175_0,Central,250.0,20.13
A3175_1,Central,30.0,20.59
A3175_2,Central,30.0,21.04
A3175_3,Central,30.0,21.5
A3175_4,Central,30.0,21.96
A3175_5,Central,30.0,22.42
A3175_6,Central,30.0,22.87
A3175_7,Central,30.0,23.33
A3175_8,Central,30.0,23.79
A3178_0,Central,23.0,19.05
A3178_1,Central,19.0,19.55
A3179_0,Central,23.0,19.12
A3179_1,Central,19.0,19.62
A3180_0,Central,23.0,19.38
A3180_1,Central,19.0,19.48
A3181_0,Central,23.0,19.07
A3181_1,Central,19.0,20.3
A3182_0,Central,73.7,17.47
A3182_1,Central,5.0,52.41
A3183_0,Central,73.7,17.47
A3183_1,Central,5.0,52.41
A3184_0,Central,70.2,19.86
A3184_1,Central,4.200000000000003,20.56
A3184_2,Central,4.199999999999989,21.46
A3200,North,200.0,0.0
A3205,Central,2.0,0.0
A3213,North,43.0,0.0
A3215,North,200.0,0.0
A3220_0,North,6.0,74.78
A3220_1,North,2.4000000000000004,77.68
A3375,North,200.0,0.0
A3386_0,Central,0.1,23.73
A3386_1,Central,9.9,24.94
A3386_2,Central,10.0,26.16
A3386_3,Central,10.0,27.38
A3386_4,Central,5.0,27.99
A3386_5,Central,5.0,28.6
A3386_6,Central,5.0,29.21
A3399,Central,12.5,92.44
A3400,Central,93.0,15.82
A3402,Central,93.0,17.82
A3407_0,North,5.0,45.41
A3407_1,North,1.0,45.48
A3407_2,North,1.0,45.56
A3407_3,North,1.0,45.63
A3407_4,North,1.0,45.71
A3407_5,North,1.0,45.78
A3407_6,North,1.0,45.86
A3407_7,North,1.0,45.94
A3409_0,North,5.0,45.41
A3409_1,North,1.0,45.48
A3409_2,North,1.0,45.56
A3409_3,North,1.0,45.63
A3409_4,North,1.0,45.71
A3409_5,North,1.0,45.78
A3409_6,North,1.0,45.86
A3409_7,North,1.0,45.94
A3410_0,North,5.0,45.41
A3410_1,North,1.0,45.48
A3410_2,North,1.0,45.56
A3410_3,North,1.0,45.63
A3410_4,North,1.0,45.71
A3410_5,North,1.0,45.78
A3410_6,North,1.0,45.86
A3410_7,North,1.0,45.94
A3411_0,North,85.0,14.94
A3411_1,North,14.0,15.2
A3411_2,North,14.0,15.46
A3411_3,North,14.0,15.72
A3411_4,North,14.0,15.98
A3411_5,North,14.0,16.25
A3411_6,North,14.0,16.51
A3411_7,North,14.0,16.77
A3419_0,Central,300.0,18.46
A3419_1,Central,1.0,60.0
A3419_2,Central,19.0,63.0
A3419_3,Central,90.0,67.0
A3419_4,Central,95.0,70.0
A3421_0,Central,50.0,38.2
A3421_1,Central,10.0,38.47
A3421_2,Central,10.0,38.74
A3421_3,Central,10.0,39.01
A3421_4,Central,10.0,39.28
A3427,North,42.0,-35.51
A3446_0,Central,45.0,54.67
A3446_1,Central,19.0,55.37
A3446_2,Central,18.0,56.07
A3446_3,Central,19.0,56.78
A3446_4,Central,18.0,57.48
A3447_0,Central,45.0,54.67
A3447_1,Central,19.0,55.37
A3447_2,Central,18.0,56.07
A3447_3,Central,19.0,56.78
A3447_4,Central,18.0,57.48
A3448_0,Central,45.0,54.67
A3448_1,Central,19.0,55.37
A3448_2,Central,18.0,56.07
A3448_3,Central,19.0,56.78
A3448_4,Central,18.0,57.48
A3449_0,Central,45.0,54.67
A3449_1,Central,19.0,55.37
A3449_2,Central,18.0,56.07
A3449_3,Central,19.0,56.78
A3449_4,Central,18.0,57.48
A3454,Central,12.5,104.77
A3455_0,Central,36.0,16.52
A3455_1,Central,13.200000000000003,16.79
A3455_2,Central,13.199999999999996,17.07
A3455_3,Central,13.300000000000004,17.35
A3455_4,Central,13.200000000000003,17.63
A3455_5,Central,13.199999999999989,17.91
A3455_6,Central,13.200000000000003,18.18
A3455_7,Central,13.299999999999997,18.46
A3455_8,Central,13.200000000000017,18.74
A3457_0,Central,76.0,17.4
A3457_1,Central,28.0,17.69
A3457_2,Central,28.0,17.98
A3457_3,Central,28.0,18.27
A3457_4,Central,28.0,18.57
A3457_5,Central,28.0,18.86
A3457_6,Central,28.0,19.15
A3457_7,Central,28.0,19.45
A3513_0,Central,35.0,24.33
A3513_1,Central,5.0,24.86
A3513_2,Central,1.0,24.96
A3513_3,Central,9.0,25.91
A3513_4,Central,5.0,26.44
A3513_5,Central,5.0,26.97
A3513_6,Central,5.0,27.49
A3514_0,Central,48.0,25.7
A3514_1,Central,1.6000000000000014,25.87
A3514_2,Central,1.6000000000000014,26.04
A3514_3,Central,1.5999999999999943,26.21
A3514_4,Central,1.6000000000000014,26.37
A3514_5,Central,1.6000000000000014,26.54
A3514_6,Central,4.0,26.97
A3518_0,Central,55.0,17.17
A3518_1,Central,13.599999999999994,17.92
A3518_2,Central,13.5,18.66
A3518_3,Central,13.600000000000009,19.41
A3518_4,Central,13.5,20.16
A3518_5,Central,13.599999999999994,20.9
A3518_6,Central,13.500000000000014,21.65
A3518_7,Central,13.599999999999994,22.4
A3518_8,Central,13.5,23.14
A3519,Central,192.0,20.34
A3520,Central,192.0,21.59
A3545,Central,79.0,19.56
A3566_0,Central,95.0,18.97
A3566_1,Central,37.5,19.28
A3566_2,Central,37.5,19.59
A3566_3,Central,37.5,19.91
A3566_4,Central,37.5,20.23
A3566_5,Central,37.5,20.55
A3566_6,Central,37.5,20.87
A3566_7,Central,37.5,21.19
A3576,Central,18.0,227.16
A3582_0,Central,150.0,5.21
A3582_1,Central,1010.0,5.55
A3589,Central,19.0,148.07
A3593_0,Central,65.0,63.63
A3593_1,Central,19.0,64.56
A3593_2,Central,19.0,65.49
A3593_3,Central,18.0,66.42
A3593_4,Central,19.0,67.34
A3595_0,Central,65.0,64.53
A3595_1,Central,19.0,65.49
A3595_2,Central,19.0,66.44
A3595_3,Central,18.0,67.39
A3595_4,Central,19.0,68.34
A3601_0,Central,70.2,19.86
A3601_1,Central,4.200000000000003,20.56
A3601_2,Central,4.199999999999989,21.46
A3607_0,Central,200.0,16.12
A3607_1,Central,109.0,16.44
A3607_2,Central,109.0,16.75
A3607_3,Central,162.0,17.22
A3607_4,Central,55.0,25.01
A3610_0,Central,150.0,15.52
A3610_1,Central,80.0,15.78
A3610_2,Central,79.0,16.03
A3610_3,Central,126.0,16.43
A3610_4,Central,34.0,30.49
A3611_0,Central,5.0,132.41
A3611_1,Central,12.7,132.99
A3615_0,North,15.0,193.44
A3615_1,North,0.5999999999999996,196.08
A3615_2,North,0.5999999999999996,198.71
A3615_3,North,0.6000000000000014,201.34
A3615_4,North,0.5999999999999979,203.98
A3615_5,North,0.6000000000000014,206.61
A3615_6,North,0.6000000000000014,209.24
A3615_7,North,0.5999999999999979,211.88
A3615_8,North,1.0,216.27
A3626_0,North,55.0,20.31
A3626_1,North,3.1000000000000014,20.5
A3626_2,North,3.1000000000000014,20.68
A3626_3,North,3.0999999999999943,20.87
A3626_4,North,3.1000000000000085,21.05
A3626_5,North,3.0999999999999943,21.24
A3626_6,North,3.0999999999999943,21.42
A3626_7,North,3.1000000000000085,21.61
A3626_8,North,3.0999999999999943,21.79
A3627_0,North,55.0,19.66
A3627_1,North,3.1000000000000014,19.87
A3627_2,North,3.1000000000000014,20.08
A3627_3,North,3.0999999999999943,20.28
A3627_4,North,3.1000000000000085,20.49
A3627_5,North,3.0999999999999943,20.7
A3627_6,North,3.0999999999999943,20.91
A3627_7,North,3.1000000000000085,21.12
A3627_8,North,3.0999999999999943,21.33
A3628_0,North,55.0,30.23
A3628_1,North,3.1000000000000014,30.39
A3628_2,North,3.1000000000000014,30.56
A3628_3,North,3.0999999999999943,30.72
A3628_4,North,3.1000000000000085,30.88
A3628_5,North,3.0999999999999943,31.05
A3628_6,North,3.0999999999999943,31.21
A3628_7,North,3.1000000000000085,31.37
A3628_8,North,3.0999999999999943,31.54
A3629_0,North,55.0,29.33
A3629_1,North,3.1000000000000014,29.5
A3629_2,North,3.1000000000000014,29.67
A3629_3,North,3.0999999999999943,29.83
A3629_4,North,3.1000000000000085,30.0
A3629_5,North,3.0999999999999943,30.17
A3629_6,North,3.0999999999999943,30.34
A3629_7,North,3.1000000000000085,30.5
A3629_8,North,3.0999999999999943,30.67
A3630_0,North,15.0,195.23
A3630_1,North,0.5,197.45
A3630_2,North,0.5,199.67
A3630_3,North,0.5,201.89
A3630_4,North,0.5,204.1
A3630_5,North,0.5,206.32
A3630_6,North,0.5,208.54
A3630_7,North,0.5,210.76
A3630_8,North,0.8999999999999986,214.75
A3634_0,North,6.0,178.75
A3634_1,North,1.4000000000000004,183.25
A3639_0,North,0.1,302.9
A3639_1,North,6.7,305.98
A3639_2,North,6.7,309.06
A3639_3,North,6.699999999999999,312.13
A3639_4,North,6.699999999999999,315.21
A3639_5,North,6.700000000000003,318.29
A3639_6,North,6.699999999999996,321.37
A3639_7,North,6.700000000000003,324.45
A3639_8,North,6.799999999999997,327.57
A3644_0,Central,40.0,18.57
A3644_1,Central,745.0,18.95
A3645,Central,93.0,19.4
A3646,Central,93.0,19.01
A3647,Central,93.0,19.46
A3652_0,Central,30.0,18.23
A3652_1,Central,7.5,18.76
A3652_2,Central,7.5,19.28
A3652_3,Central,7.5,19.81
A3652_4,Central,7.5,20.33
A3652_5,Central,7.5,20.85
A3652_6,Central,7.5,21.38
A3652_7,Central,7.5,21.9
A3652_8,Central,7.5,22.42
A3653_0,Central,220.0,18.65
A3653_1,Central,22.19999999999999,18.75
A3653_2,Central,22.19999999999999,18.85
A3653_3,Central,22.200000000000045,18.95
A3653_4,Central,22.19999999999999,19.05
A3653_5,Central,22.19999999999999,19.14
A3653_6,Central,22.19999999999999,19.24
A3653_7,Central,22.19999999999999,19.34
A3653_8,Central,22.200000000000045,19.44
A3654_0,Central,70.2,21.94
A3654_1,Central,4.200000000000003,22.7
A3654_2,Central,4.199999999999989,23.68
A3655_0,Central,70.2,21.96
A3655_1,Central,4.200000000000003,22.72
A3655_2,Central,4.199999999999989,23.71
A3657,Central,32.0,380.0
A3666_0,Central,23.0,22.07
A3666_1,Central,22.0,26.32
A3667_0,Central,23.0,22.07
A3667_1,Central,22.0,26.32
A3668_0,Central,23.0,22.07
A3668_1,Central,22.0,26.32
A3669_0,Central,23.0,22.07
A3669_1,Central,22.0,26.32
A3670_0,Central,23.0,22.07
A3670_1,Central,22.0,26.32
A3671_0,Central,23.0,22.07
A3671_1,Central,22.0,26.32
A3675_0,Central,25.0,33.68
A3675_1,Central,4.0,34.01
A3675_2,Central,4.0,34.33
A3675_3,Central,3.0,34.65
A3675_4,Central,4.0,34.97
A3676_0,Central,25.0,33.68
A3676_1,Central,4.0,34.01
A3676_2,Central,4.0,34.33
A3676_3,Central,3.0,34.65
A3676_4,Central,4.0,34.97
A3681,Central,48.0,63.99
A3682,Central,49.0,64.0
A3695_0,Central,75.0,24.12
A3695_1,Central,6.0,24.34
A3695_2,Central,6.0,24.57
A3695_3,Central,6.0,24.81
A3695_4,Central,7.0,25.1
A3695_5,Central,1.0,25.15
A3695_6,Central,9.0,25.54
A3706,Central,200.0,0.0
A3721_0,North,100.0,17.78
A3721_1,North,16.0,18.12
A3721_2,North,16.0,18.46
A3721_3,North,16.0,18.8
A3721_4,North,16.0,19.15
A3721_5,North,16.0,19.49
A3721_6,North,16.0,19.83
A3721_7,North,16.0,20.17
A3726_0,Central,33.5,16.0
A3726_1,Central,0.10000000000000142,75.0
A3727_0,Central,33.5,38.0
A3727_1,Central,0.10000000000000142,75.0
A3728_0,Central,33.5,38.0
A3728_1,Central,0.10000000000000142,75.0
A3729_0,Central,33.5,38.0
A3729_1,Central,0.10000000000000142,75.0
A3730_0,North,13.0,99.71
A3730_1,North,2.5999999999999996,101.65
A3730_2,North,2.5999999999999996,103.58
A3730_3,North,2.6999999999999993,105.51
A3730_4,North,2.6000000000000014,107.44
A3730_5,North,2.6000000000000014,109.37
A3730_6,North,2.6999999999999993,111.3
A3730_7,North,2.599999999999998,113.24
A3731_0,North,13.0,98.05
A3731_1,North,2.5999999999999996,99.92
A3731_2,North,2.5999999999999996,101.79
A3731_3,North,2.6999999999999993,103.66
A3731_4,North,2.6000000000000014,105.53
A3731_5,North,2.6000000000000014,107.4
A3731_6,North,2.6999999999999993,109.27
A3731_7,North,2.599999999999998,111.14
A3736_0,Central,50.0,43.05
A3736_1,Central,8.0,43.27
A3736_2,Central,7.0,43.48
A3736_3,Central,8.0,43.7
A3736_4,Central,7.0,43.91
A3738_0,Central,50.0,43.05
A3738_1,Central,8.0,43.27
A3738_2,Central,7.0,43.48
A3738_3,Central,8.0,43.7
A3738_4,Central,7.0,43.91
A3739_0,Central,50.0,43.05
A3739_1,Central,8.0,43.27
A3739_2,Central,7.0,43.48
A3739_3,Central,8.0,43.7
A3739_4,Central,7.0,43.91
A3740_0,Central,50.0,43.05
A3740_1,Central,8.0,43.27
A3740_2,Central,7.0,43.48
A3740_3,Central,8.0,43.7
A3740_4,Central,7.0,43.91
A3754_0,North,8.0,30.15
A3754_1,North,4.0,31.0
A3754_2,North,4.0,31.05
A3754_3,North,4.0,31.1
A3754_4,North,5.0,31.2
A3755_0,North,10.0,30.0
A3755_1,North,2.0,30.05
A3755_2,North,7.0,30.1
A3755_3,North,4.0,30.15
A3755_4,North,4.0,30.2
A3755_5,North,4.0,30.25
A3755_6,North,4.0,30.3
A3755_7,North,4.0,30.35
A3756_0,North,8.0,43.0
A3756_1,North,4.0,43.05
A3756_2,North,3.0,43.1
A3756_3,North,3.0,43.15
A3756_4,North,2.0,43.2
A3757_0,North,50.0,48.0
A3757_1,North,10.0,48.05
A3757_2,North,10.0,48.1
A3758_0,North,23.0,23.9
A3758_1,North,1.0,23.95
A3758_2,North,4.0,48.0
A3758_3,North,4.0,48.05
A3758_4,North,2.0,48.1
A3758_5,North,2.0,48.15
A3758_6,North,2.0,48.2
A3758_7,North,2.0,48.6
A3759_0,North,8.0,32.5
A3759_1,North,2.0,32.55
A3759_2,North,3.0,32.6
A3759_3,North,4.0,32.65
A3759_4,North,1.0,32.7
A3759_5,North,2.0,32.75
A3759_6,North,3.0,32.8
A3762,Central,10.5,0.0
A3763_0,Central,0.1,15.85
A3763_1,Central,24.9,16.57
A3763_2,Central,10.0,16.86
A3763_3,Central,10.0,17.15
A3763_4,Central,10.0,17.44
A3763_5,Central,10.0,17.73
A3763_6,Central,10.0,18.02
A3763_7,Central,10.0,18.3
A3763_8,Central,10.0,18.59
A3789,Central,783.0,17.71
A3790,Central,762.0,17.55
A3791,Central,12.5,92.29
A3799_0,North,150.0,20.62
A3799_1,North,50.0,20.63
A3799_2,North,40.0,20.72
A3799_3,North,60.0,20.85
A3799_4,North,50.0,20.96
A3802,North,1.0,0.01
A3803_0,North,10.0,27.77
A3803_1,North,5.0,28.12
A3803_2,North,5.0,28.79
A3803_3,North,5.0,29.57
A3803_4,North,1.0,40.38
A3803_5,North,4.0,40.99
A3804_0,North,10.0,17.39
A3804_1,North,5.0,17.61
A3804_2,North,5.0,18.03
A3804_3,North,5.0,18.52
A3804_4,North,1.0,42.49
A3804_5,North,4.0,42.82
A3805_0,North,15.0,29.87
A3805_1,North,5.0,29.88
A3805_2,North,5.0,33.2
A3805_3,North,5.0,34.91
A3805_4,North,5.0,37.58
A3805_5,North,5.0,38.31
A3805_6,North,5.0,38.55
A3806_0,North,15.0,29.87
A3806_1,North,5.0,29.88
A3806_2,North,5.0,33.2
A3806_3,North,5.0,34.91
A3806_4,North,5.0,37.58
A3806_5,North,5.0,38.31
A3806_6,North,5.0,38.55
A3822_0,North,0.1,15.05
A3822_1,North,38.9,15.33
A3822_2,North,16.0,15.46
A3822_3,North,18.0,15.59
A3822_4,North,17.0,15.71
A3822_5,North,17.0,15.84
A3822_6,North,18.0,15.96
A3822_7,North,17.0,16.09
A3822_8,North,18.0,16.23
A3826,Central,20.0,73.54
A3827,Central,20.0,73.54
A3828,Central,20.0,73.54
A3829,Central,24.0,69.37
A3830,Central,23.0,127.51
A3840_0,Central,1.0,19.18
A3840_1,Central,309.0,20.15
A3840_2,Central,5.0,20.72
A3840_3,Central,1.0,24.0
A3840_4,Central,54.0,25.0
A3840_5,Central,25.0,26.0
A3840_6,Central,5.0,27.0
A3840_7,Central,30.0,28.0
A3840_8,Central,20.0,29.0
A3848_0,Central,1.0,0.01
A3848_1,Central,1.0,0.02
A3848_2,Central,2.0,0.04
A3848_3,Central,1.0,0.05
A3848_4,Central,1.0,0.06
A3848_5,Central,1.0,0.07
A3848_6,Central,1.0,0.08
A3848_7,Central,1.0,0.09
A3848_8,Central,1.0,0.1
A3849_0,Central,1.0,0.01
A3849_1,Central,2.0,0.03
A3849_2,Central,3.0,0.06
A3849_3,Central,1.0,0.07
A3849_4,Central,1.0,0.08
A3849_5,Central,1.0,0.09
A3849_6,Central,1.0,0.1
A3849_7,Central,1.0,0.11
A3849_8,Central,1.0,0.12
A3854_0,Central,1.0,18.48
A3854_1,Central,119.0,19.15
A3854_2,Central,5.0,19.45
A3854_3,Central,55.0,19.77
A3854_4,Central,20.0,20.12
A3854_5,Central,60.0,20.48
A3854_6,Central,30.0,20.77
A3854_7,Central,15.0,20.91
A3854_8,Central,50.0,21.21
A3855_0,Central,1.0,18.11
A3855_1,Central,119.0,18.95
A3855_2,Central,5.0,19.29
A3855_3,Central,55.0,19.63
A3855_4,Central,20.0,19.98
A3855_5,Central,60.0,20.32
A3855_6,Central,30.0,20.59
A3855_7,Central,20.0,20.76
A3855_8,Central,45.0,20.98
A3864,North,120.0,13.82
A3865,North,120.0,15.17
A3867_0,North,5.7,5.24
A3867_1,North,34.3,103.35
A3868,North,40.0,56.31
A3876,North,70.0,85.0
A3877,North,70.0,85.0
A3878,North,70.0,85.0
A3879,North,70.0,82.44
A3908,North,30.0,75.17
A3909,North,100.0,102.05
A3910,North,90.0,97.82
A3911,North,36.8,0.0
A3916,North,999.0,20.0
A3924,North,80.0,16.39
A3925,North,80.0,20.56
A3926,North,80.0,19.61
A3927,North,80.0,17.36
A3928,North,80.0,17.43
A3929,North,80.0,18.32
A3936,North,540.0,19.52
A3938,North,999.0,0.0
A3939,North,10.0,0.01
A3942,North,40.0,53.0
A3943,North,680.0,0.0
A3946,North,590.0,0.0
A3948,North,30.0,15.27
A3957,North,700.0,8.73
A3958,North,710.0,19.34
A3959,North,999.0,0.0
A3969,North,80.0,22.59
A3970,North,90.0,23.61
A3974,North,80.0,90.61
A3975,North,30.0,22.7
A3976,North,30.0,22.7
A3983,North,9.2,-35.08
A3986,North,10.5,0.0
A3990,Central,12.5,106.07
A3991_0,North,230.0,10.0
A3991_1,North,0.09999999999999432,99.0
A3995_0,North,28.0,23.93
A3995_1,North,3.0,23.97
A3995_2,North,3.0,24.0
A3995_3,North,9.0,24.11
A3995_4,North,2.0,24.13
A3995_5,North,1.0,24.15
A3995_6,North,2.0,24.17
A3995_7,North,4.0,24.22
A3996_0,North,38.0,24.48
A3996_1,North,4.0,24.53
A3996_2,North,4.0,24.59
A3996_3,North,17.0,24.82
A3996_4,North,2.0,24.85
A3996_5,North,2.0,24.87
A3996_6,North,3.0,24.91
A3996_7,North,3.0,24.95
A3997_0,North,6.0,155.24
A3997_1,North,3.0,162.99
A3997_2,North,3.0,170.74
A3997_3,North,3.0,178.49
A3997_4,North,3.0,186.24
A3997_5,North,3.0,193.99
A3997_6,North,3.0,201.74
A3997_7,North,2.0,206.91
A3998_0,North,6.0,162.22
A3998_1,North,3.0,167.12
A3998_2,North,3.0,172.02
A3998_3,North,3.0,176.92
A3998_4,North,3.0,181.82
A3998_5,North,3.0,186.71
A3998_6,North,3.0,191.61
A3998_7,North,2.0,194.88
A4001_0,North,15.0,10.54
A4001_1,North,4.0,10.58
A4001_2,North,4.0,10.61
A4001_3,North,4.0,10.65
A4001_4,North,4.0,10.69
A4001_5,North,4.0,10.72
A4001_6,North,4.0,10.76
A4001_7,North,5.0,10.8
A4001_8,North,5.0,10.85
A4010_0,Central,180.0,16.95
A4010_1,Central,10.0,17.12
A4010_2,Central,10.0,17.55
A4010_3,Central,10.0,18.1
A4011_0,Central,267.7,16.83
A4011_1,Central,17.69999999999999,16.86
A4011_2,Central,17.700000000000045,17.06
A4011_3,Central,17.69999999999999,17.37
A4011_4,Central,17.69999999999999,17.8
A4011_5,Central,17.69999999999999,18.36
A4011_6,Central,17.69999999999999,19.03
A4011_7,Central,17.700000000000045,19.82
A4013_0,Central,386.5,19.01
A4013_1,Central,33.30000000000001,19.3
A4013_2,Central,33.30000000000001,20.07
A4013_3,Central,33.299999999999955,21.05
A4014,Central,12.5,104.24
A4017,Central,200.0,0.0
A4019,North,200.0,0.0
A4022_0,North,35.0,20.5
A4022_1,North,10.0,22.3
A4022_2,North,10.0,24.1
A4022_3,North,10.0,25.9
A4022_4,North,10.0,27.7
A4022_5,North,10.0,29.5
A4022_6,North,10.0,31.3
A4022_7,North,10.0,33.09
A4022_8,North,5.0,33.99
A4024_0,Central,60.0,19.7
A4024_1,Central,3.0,20.07
A4024_2,Central,3.0,20.43
A4024_3,Central,3.0,20.8
A4024_4,Central,3.0,21.17
A4024_5,Central,3.0,21.54
A4024_6,Central,3.0,21.9
A4024_7,Central,3.0,22.27
A4024_8,Central,3.0,22.64
A4030,Central,12.5,105.58
A4036,Central,14.0,248.11
A4053_0,Central,102.0,15.88
A4053_1,Central,61.0,15.9
A4053_2,Central,0.09999999999999432,40.89
A4053_3,Central,36.900000000000006,40.9
A4054_0,Central,102.0,15.87
A4054_1,Central,61.0,15.89
A4054_2,Central,0.09999999999999432,40.88
A4054_3,Central,36.900000000000006,40.89
A4055,Central,10.0,103.6
A4057,Central,60.0,21.58
A4075_0,Central,114.0,21.53
A4075_1,Central,1.0,22.54
A4075_2,Central,15.0,22.69
A4075_3,Central,1.0,22.7
A4075_4,Central,19.0,22.91
A4076_0,Central,135.0,24.27
A4076_1,Central,1.0,24.28
A4076_2,Central,34.0,24.71
A4076_3,Central,1.0,24.72
A4076_4,Central,34.0,25.27
A4076_5,Central,1.0,25.28
A4076_6,Central,24.0,25.73
A4076_7,Central,1.0,36.04
A4077_0,Central,135.0,18.59
A4077_1,Central,1.0,18.6
A4077_2,Central,34.0,18.92
A4077_3,Central,1.0,24.15
A4077_4,Central,34.0,24.66
A4077_5,Central,1.0,24.68
A4077_6,Central,24.0,25.11
A4077_7,Central,1.0,35.4
A4078_0,Central,10.0,34.0
A4078_1,Central,30.0,41.0
A4078_2,Central,20.0,43.0
A4078_3,Central,20.0,45.0
A4079_0,Central,45.0,37.0
A4079_1,Central,15.0,42.0
A4079_2,Central,20.0,45.0
A4086_0,Central,45.0,21.5
A4086_1,Central,5.0,21.51
A4086_2,Central,10.0,21.52
A4086_3,Central,24.0,21.53
A4086_4,Central,1.0,27.03
A4087_0,Central,45.0,21.5
A4087_1,Central,5.0,21.51
A4087_2,Central,10.0,21.52
A4087_3,Central,24.0,21.53
A4087_4,Central,1.0,27.03
A4092,Central,12.5,103.65
A4094_0,Central,20.0,21.42
A4094_1,Central,9.0,23.45
A4094_2,Central,9.0,25.49
A4094_3,Central,9.0,27.54
A4094_4,Central,9.0,29.59
A4094_5,Central,9.0,31.65
A4094_6,Central,9.0,33.7
A4094_7,Central,9.0,35.76
A4095_0,Central,20.0,21.4
A4095_1,Central,9.0,23.44
A4095_2,Central,9.0,25.49
A4095_3,Central,9.0,27.54
A4095_4,Central,9.0,29.59
A4095_5,Central,9.0,31.65
A4095_6,Central,9.0,33.71
A4095_7,Central,9.0,35.76
A4096_0,Central,20.0,21.4
A4096_1,Central,9.399999999999999,23.52
A4096_2,Central,9.399999999999999,25.66
A4096_3,Central,9.300000000000004,27.79
A4096_4,Central,9.399999999999999,29.93
A4096_5,Central,9.400000000000006,32.07
A4096_6,Central,9.299999999999997,34.22
A4096_7,Central,9.399999999999991,36.36
A4097_0,Central,20.0,21.41
A4097_1,Central,9.2,23.51
A4097_2,Central,9.3,25.61
A4097_3,Central,9.299999999999997,27.71
A4097_4,Central,9.200000000000003,29.82
A4097_5,Central,9.200000000000003,31.93
A4097_6,Central,9.299999999999997,34.05
A4097_7,Central,9.299999999999997,36.16
A4101,Central,168.0,19.43
A4103,Central,320.0,18.98
A4104,Central,310.0,18.91
A4105,Central,23.0,88.4
A4106,Central,5.0,92.9
A4116_0,Central,55.0,16.07
A4116_1,Central,7.0,16.29
A4116_2,Central,20.0,21.93
A4117_0,Central,55.0,16.07
A4117_1,Central,7.0,16.29
A4117_2,Central,20.0,21.93
A4118_0,Central,55.0,16.07
A4118_1,Central,7.0,16.29
A4118_2,Central,20.0,21.93
A4119_0,Central,55.0,16.07
A4119_1,Central,7.0,16.29
A4119_2,Central,20.0,21.93
A4120,Central,19.0,147.81
A4121,Central,19.0,147.81
A4123,Central,20.0,147.83
A4154_0,Central,5.5,0.07
A4154_1,Central,0.09999999999999964,0.09
A4155_0,Central,5.4,0.07
A4155_1,Central,0.09999999999999964,0.09
A4156_0,Central,16.0,26.39
A4156_1,Central,3.1000000000000014,27.06
A4156_2,Central,3.099999999999998,27.73
A4156_3,Central,3.1000000000000014,28.4
A4156_4,Central,3.099999999999998,29.07
A4156_5,Central,3.200000000000003,29.77
A4156_6,Central,3.1000000000000014,30.44
A4156_7,Central,3.0999999999999943,31.11
A4156_8,Central,3.1000000000000014,31.78
A4157_0,Central,16.0,22.43
A4157_1,Central,3.1000000000000014,23.28
A4157_2,Central,3.099999999999998,24.14
A4157_3,Central,3.1000000000000014,24.99
A4157_4,Central,3.099999999999998,25.85
A4157_5,Central,3.200000000000003,26.73
A4157_6,Central,3.1000000000000014,27.58
A4157_7,Central,3.0999999999999943,28.43
A4157_8,Central,3.1000000000000014,29.29
A4158_0,Central,50.0,24.84
A4158_1,Central,3.3999999999999986,25.04
A4158_2,Central,3.5,25.25
A4158_3,Central,3.3999999999999986,25.46
A4158_4,Central,3.5,25.67
A4158_5,Central,3.4000000000000057,25.87
A4158_6,Central,3.5,26.08
A4158_7,Central,3.3999999999999915,26.28
A4158_8,Central,3.5,26.49
A4173_0,Central,67.0,19.46
A4173_1,Central,5.700000000000003,19.73
A4173_2,Central,5.599999999999994,20.35
A4173_3,Central,5.700000000000003,21.34
A4173_4,Central,5.700000000000003,22.69
A4173_5,Central,5.599999999999994,24.36
A4174_0,Central,67.0,19.46
A4174_1,Central,5.700000000000003,19.73
A4174_2,Central,5.599999999999994,20.35
A4174_3,Central,5.700000000000003,21.34
A4174_4,Central,5.700000000000003,22.69
A4174_5,Central,5.599999999999994,24.36
A4175_0,Central,67.0,19.46
A4175_1,Central,5.700000000000003,19.73
A4175_2,Central,5.599999999999994,20.35
A4175_3,Central,5.700000000000003,21.34
A4175_4,Central,5.700000000000003,22.69
A4175_5,Central,5.599999999999994,24.36
A4176_0,Central,67.0,19.46
A4176_1,Central,5.700000000000003,19.73
A4176_2,Central,5.599999999999994,20.35
A4176_3,Central,5.700000000000003,21.34
A4176_4,Central,5.700000000000003,22.69
A4176_5,Central,5.599999999999994,24.36
A4182_0,Central,31.7,89.4
A4182_1,Central,5.5000000000000036,89.65
A4182_2,Central,5.599999999999994,90.44
A4182_3,Central,5.5,91.74
A4182_4,Central,5.600000000000001,93.6
A4182_5,Central,5.5,95.95
A4183_0,Central,31.7,89.4
A4183_1,Central,5.5000000000000036,89.65
A4183_2,Central,5.599999999999994,90.44
A4183_3,Central,5.5,91.74
A4183_4,Central,5.600000000000001,93.6
A4183_5,Central,5.5,95.95
A4184_0,Central,31.7,89.4
A4184_1,Central,5.5000000000000036,89.65
A4184_2,Central,5.599999999999994,90.44
A4184_3,Central,5.5,91.74
A4184_4,Central,5.600000000000001,93.6
A4184_5,Central,5.5,95.95
A4197_0,Central,80.0,16.43
A4197_1,Central,24.900000000000006,16.49
A4197_2,Central,24.900000000000006,16.55
A4197_3,Central,24.899999999999977,16.61
A4197_4,Central,24.900000000000006,16.67
A4197_5,Central,24.80000000000001,16.73
A4197_6,Central,24.900000000000006,16.8
A4197_7,Central,24.899999999999977,16.86
A4197_8,Central,24.900000000000034,16.92
A4198_0,Central,80.0,16.43
A4198_1,Central,25.700000000000003,16.49
A4198_2,Central,25.60000000000001,16.55
A4198_3,Central,25.69999999999999,16.61
A4198_4,Central,25.69999999999999,16.68
A4198_5,Central,25.600000000000023,16.74
A4198_6,Central,25.69999999999999,16.81
A4198_7,Central,25.69999999999999,16.87
A4198_8,Central,25.600000000000023,16.94
A4221,Central,600.0,0.0
A4222,Central,15.0,255.0
A4230_0,Central,23.0,17.46
A4230_1,Central,11.799999999999997,17.64
A4230_2,Central,11.800000000000004,17.84
A4230_3,Central,11.699999999999996,18.08
A4230_4,Central,11.799999999999997,18.34
A4230_5,Central,11.800000000000011,18.63
A4230_6,Central,11.799999999999997,18.95
A4230_7,Central,11.700000000000003,19.3
A4230_8,Central,11.799999999999997,19.68
A4236_0,Central,182.7,11.98
A4236_1,Central,11.200000000000017,12.01
A4236_2,Central,11.199999999999989,12.1
A4236_3,Central,11.200000000000017,12.27
A4236_4,Central,11.299999999999983,12.51
A4236_5,Central,11.200000000000017,12.81
A4240,Central,12.4,-34.36
A4259_0,Central,22.0,21.88
A4259_1,Central,6.399999999999999,22.48
A4259_2,Central,6.300000000000004,23.08
A4259_3,Central,6.399999999999999,23.69
A4259_4,Central,6.299999999999997,24.29
A4259_5,Central,6.399999999999999,24.89
A4259_6,Central,6.300000000000004,25.49
A4259_7,Central,6.399999999999999,26.1
A4259_8,Central,6.299999999999997,26.7
A4261_0,Central,4.0,36.67
A4261_1,Central,1.7000000000000002,37.55
A4261_2,Central,1.5999999999999996,38.38
A4261_3,Central,1.7000000000000002,39.26
A4261_4,Central,1.6999999999999993,40.13
A4261_5,Central,1.6000000000000014,40.96
A4261_6,Central,1.6999999999999993,41.84
A4261_7,Central,1.6999999999999993,42.72
A4261_8,Central,1.6000000000000014,43.55
A4262_0,Central,17.0,22.77
A4262_1,Central,0.3999999999999986,22.81
A4262_2,Central,0.5,22.87
A4262_3,Central,0.40000000000000213,22.91
A4262_4,Central,0.5,22.97
A4262_5,Central,0.3999999999999986,23.01
A4262_6,Central,0.5,23.07
A4262_7,Central,0.40000000000000213,23.11
A4262_8,Central,0.5,23.17
A4268_0,Central,0.1,18.83
A4268_1,Central,51.9,23.07
A4268_2,Central,6.0,23.56
A4268_3,Central,6.0,24.05
A4268_4,Central,6.0,24.54
A4268_5,Central,6.0,25.03
A4268_6,Central,6.0,25.52
A4268_7,Central,6.0,26.01
A4268_8,Central,6.0,26.5
A4282,Central,20.0,56.5
A4368,North,180.0,10.46
A4373_0,Central,100.0,15.28
A4373_1,Central,9.799999999999997,15.68
A4373_2,Central,9.700000000000003,16.09
A4373_3,Central,9.699999999999989,16.49
A4373_4,Central,9.800000000000011,16.89
A4373_5,Central,9.800000000000011,17.29
A4373_6,Central,9.699999999999989,17.69
A4373_7,Central,9.699999999999989,18.09
A4377_0,Central,7.0,45.71
A4377_1,Central,8.0,51.13
A4377_2,Central,4.0,55.74
A4378_0,Central,10.0,35.28
A4378_1,Central,46.0,47.87
A4386_0,North,32.0,16.23
A4386_1,North,2.0,16.32
A4386_2,North,2.0,16.42
A4386_3,North,2.0,16.51
A4386_4,North,2.0,16.61
A4386_5,North,2.0,16.7
A4386_6,North,2.0,16.8
A4386_7,North,2.0,16.89
A4387_0,North,32.0,16.23
A4387_1,North,2.0,16.32
A4387_2,North,2.0,16.42
A4387_3,North,2.0,16.51
A4387_4,North,2.0,16.61
A4387_5,North,2.0,16.7
A4387_6,North,2.0,16.8
A4387_7,North,2.0,16.89
A4390_0,North,28.0,16.04
A4390_1,North,2.5,16.16
A4390_2,North,2.5,16.27
A4390_3,North,2.5,16.39
A4390_4,North,2.5,16.51
A4390_5,North,2.5,16.63
A4390_6,North,2.5,16.75
A4390_7,North,2.5,16.87
A4412,Central,3.0,22.85
A4430,North,999.0,0.0
A4433,North,999.0,0.0
A4434,North,999.0,0.0
A4437,North,57.0,0.0
A4438,North,122.0,0.0
A4440,North,88.5,0.0
A4441,North,154.2,0.0
A4442,North,8.2,0.0
A4489,Central,191.0,59.4
A4491,Central,382.0,54.28
A4493,Central,382.0,54.28
A4500_0,Central,497.0,13.19
A4500_1,Central,100.0,18.61
A4528_0,North,11.0,18.94
A4528_1,North,4.0,19.37
A4528_2,North,4.0,19.8
A4528_3,North,4.0,20.23
A4528_4,North,4.0,20.66
A4529_0,North,11.0,18.95
A4529_1,North,4.0,19.38
A4529_2,North,4.0,19.81
A4529_3,North,4.0,20.24
A4529_4,North,4.0,20.67
A4557,North,0.1,-35.08
A4558_0,North,1.0,7.2
A4558_1,North,279.0,14.8
A4570_0,North,158.0,8.86
A4570_1,North,17.5,9.06
A4570_2,North,17.5,9.26
A4570_3,North,17.5,9.46
A4570_4,North,17.5,9.66
A4570_5,North,30.0,10.0
A4570_6,North,5.0,12.62
A4570_7,North,17.5,13.36
A4571_0,North,158.0,8.86
A4571_1,North,17.5,9.06
A4571_2,North,17.5,9.26
A4571_3,North,17.5,9.46
A4571_4,North,17.5,9.66
A4571_5,North,30.0,10.0
A4571_6,North,5.0,12.62
A4571_7,North,17.5,13.36
A4583_0,North,7.0,181.96
A4583_1,North,0.2999999999999998,182.93
A4587,North,6.3,-2.0
A4588,North,200.0,0.0
A4602,North,4.8,-2.0
A4608,North,4.0,60.24
A4611,North,6.0,178.75
A4612,North,15.0,70.89
A4621,North,10.0,0.0
A4626_0,Central,171.0,5.6
A4626_1,Central,0.09999999999999432,100.0
A4639_0,Central,13.7,-48.73
A4639_1,Central,1.0,-48.72
A4683,North,5.0,161.11
A4727_0,Central,50.0,39.11
A4727_1,Central,8.0,39.28
A4727_2,Central,7.0,39.46
A4727_3,Central,8.0,39.64
A4727_4,Central,7.0,39.82
A4728_0,Central,50.0,39.11
A4728_1,Central,8.0,39.28
A4728_2,Central,7.0,39.46
A4728_3,Central,8.0,39.64
A4728_4,Central,7.0,39.82
A4731_0,Central,50.0,39.11
A4731_1,Central,8.0,39.28
A4731_2,Central,7.0,39.46
A4731_3,Central,8.0,39.64
A4731_4,Central,7.0,39.82
A4732_0,Central,50.0,39.11
A4732_1,Central,8.0,39.28
A4732_2,Central,7.0,39.46
A4732_3,Central,8.0,39.64
A4732_4,Central,7.0,39.82
A4733_0,Central,50.0,39.11
A4733_1,Central,8.0,39.28
A4733_2,Central,7.0,39.46
A4733_3,Central,8.0,39.64
A4733_4,Central,7.0,39.82
A4734_0,Central,50.0,39.11
A4734_1,Central,8.0,39.28
A4734_2,Central,7.0,39.46
A4734_3,Central,8.0,39.64
A4734_4,Central,7.0,39.82
A4762_0,Central,161.0,17.04
A4762_1,Central,25.19999999999999,17.2
A4762_2,Central,25.100000000000023,17.35
A4762_3,Central,25.19999999999999,17.51
A4762_4,Central,25.100000000000023,17.67
A4762_5,Central,25.19999999999999,17.82
A4762_6,Central,25.099999999999966,17.98
A4762_7,Central,25.200000000000045,18.14
A4762_8,Central,25.099999999999966,18.29
A4783_0,North,3.0,169.12
A4783_1,North,1.0,172.33
A4800_0,Central,69.0,9.71
A4800_1,Central,61.0,9.73
A4819,Central,5.0,22.85
A4830_0,North,80.0,18.89
A4830_1,North,8.400000000000006,19.2
A4830_2,North,8.399999999999991,19.52
A4830_3,North,8.400000000000006,19.83
A4830_4,North,8.399999999999991,20.15
A4830_5,North,8.400000000000006,20.46
A4830_6,North,8.400000000000006,20.77
A4830_7,North,8.400000000000006,21.09
A4830_8,North,8.399999999999977,21.4
A5247_0,Central,200.0,24.0
A5247_1,Central,1.0,45.0
A5247_2,Central,24.0,46.0
A5248_0,Central,200.0,24.0
A5248_1,Central,1.0,45.0
A5248_2,Central,24.0,46.0
A5258_0,Central,1.0,13.95
A5258_1,Central,614.1,14.8
A5258_2,Central,4.899999999999977,14.81
A5259_0,Central,1.0,12.46
A5259_1,Central,614.1,14.81
A5259_2,Central,4.899999999999977,14.83
A5260_0,Central,1.0,12.17
A5260_1,Central,619.0,13.96
A5261_0,Central,1.0,12.54
A5261_1,Central,619.0,13.54
A5262_0,Central,1.0,12.98
A5262_1,Central,499.0,14.73
A5262_2,Central,120.0,15.15
A5263_0,Central,1.0,12.71
A5263_1,Central,629.0,14.53
A5266_0,Central,1.0,20.91
A5266_1,Central,129.0,24.94
A5267_0,Central,1.0,20.91
A5267_1,Central,129.0,24.94
A5268_0,Central,1.0,22.91
A5268_1,Central,269.0,27.88
A5269_0,Central,1.0,24.1
A5269_1,Central,319.0,26.06
A5288_0,Central,1.0,105.99
A5288_1,Central,56.0,139.45
A5291_0,Central,1.0,65.33
A5291_1,Central,56.0,119.4
A5292_0,Central,1.0,75.1
A5292_1,Central,56.0,114.32
A5293_0,Central,1.0,93.33
A5293_1,Central,56.0,101.12
A5299_0,Central,1.0,20.31
A5299_1,Central,94.0,38.49
A5300_0,Central,1.0,20.31
A5300_1,Central,94.0,38.49
A5305_0,Central,1.0,26.68
A5305_1,Central,134.0,36.0
A5306_0,Central,1.0,26.68
A5306_1,Central,134.0,36.0
A5307_0,Central,1.0,22.74
A5307_1,Central,44.0,28.12
A5308_0,Central,1.0,22.74
A5308_1,Central,44.0,28.12
A5309_0,Central,1.0,22.74
A5309_1,Central,44.0,28.12
A5310_0,Central,1.0,22.74
A5310_1,Central,44.0,28.12
A5311_0,Central,1.0,20.69
A5311_1,Central,47.0,28.18
A5312_0,Central,1.0,20.69
A5312_1,Central,47.0,28.18
A5313_0,Central,1.0,20.69
A5313_1,Central,47.0,28.18
A5314_0,Central,1.0,20.69
A5314_1,Central,47.0,28.18
A5317_0,Central,1.0,30.23
A5317_1,Central,134.0,37.94
A5319,Central,60.0,33.89
A5320_0,Central,1.0,20.14
A5320_1,Central,94.0,38.53
A5321_0,Central,1.0,20.14
A5321_1,Central,94.0,38.53
A5322_0,Central,1.0,20.14
A5322_1,Central,94.0,38.53
A5323_0,Central,1.0,20.14
A5323_1,Central,94.0,38.53
A5325,Central,95.0,31.25
A5326,Central,95.0,31.25
A5327,Central,95.0,31.25
A5328,Central,95.0,31.25
A5329,Central,95.0,31.25
A5330,Central,95.0,31.25
A5331,Central,95.0,31.25
A5332,Central,95.0,31.25
A5343_0,Central,125.0,12.78
A5343_1,Central,50.0,13.29
A5343_2,Central,50.0,13.8
A5343_3,Central,75.0,14.57
A5343_4,Central,75.0,15.34
A5343_5,Central,75.0,16.11
A5343_6,Central,75.0,16.88
A5343_7,Central,25.0,34.14
A5343_8,Central,35.0,34.49
A5353,Central,2.2,206.36
A5354,Central,4.7,206.36
A5355,Central,2.4,206.36
A5357,Central,21.0,206.36
A5358,Central,8.4,206.36
A5359,Central,1.3,206.36
A5360,Central,5.5,206.36
A5362,Central,13.9,206.36
A5363,Central,7.0,206.36
A5365,Central,5.8,206.36
A5366,Central,11.7,206.36
A5369,Central,19.3,206.36
A5370,Central,5.5,206.36
A5371,Central,4.0,206.36
A5372,Central,9.9,206.36
A5374,Central,25.0,100.0
A5375,Central,17.0,73.0
A5376,Central,21.0,92.0
A5377,Central,25.0,100.0
A5378,Central,16.0,73.0
A5380,Central,17.0,239.0
A5385_0,Central,42.0,25.44
A5385_1,Central,1.0,25.49
A5386_0,Central,42.0,23.85
A5386_1,Central,1.0,23.86
A5387_0,Central,42.0,24.12
A5387_1,Central,1.0,24.14
A5388_0,Central,42.0,23.88
A5388_1,Central,1.0,23.89
A5389_0,Central,42.0,23.54
A5389_1,Central,1.0,23.55
A5390_0,Central,42.0,23.72
A5390_1,Central,1.0,23.74
A5391_0,Central,42.0,22.69
A5391_1,Central,1.0,22.72
A5392_0,Central,42.0,23.84
A5392_1,Central,1.0,23.86
A5393,Central,44.9,61.63
A5410,Central,1086.0,0.0
A5420_0,Central,230.0,16.05
A5420_1,Central,40.0,16.35
A5420_2,Central,40.0,16.65
A5420_3,Central,40.0,16.95
A5420_4,Central,40.0,17.26
A5420_5,Central,40.0,17.56
A5420_6,Central,40.0,17.86
A5420_7,Central,40.0,18.16
A5420_8,Central,40.0,35.47
A5422_0,Central,230.0,15.58
A5422_1,Central,41.0,16.1
A5422_2,Central,41.0,16.63
A5422_3,Central,41.0,17.15
A5422_4,Central,41.0,17.68
A5422_5,Central,41.0,18.2
A5422_6,Central,41.0,18.73
A5422_7,Central,41.0,19.25
A5422_8,Central,41.0,19.78
A5427_0,Central,135.0,14.24
A5427_1,Central,21.69999999999999,14.61
A5427_2,Central,21.700000000000017,14.98
A5427_3,Central,21.69999999999999,15.35
A5427_4,Central,21.700000000000017,15.72
A5427_5,Central,21.69999999999999,16.09
A5427_6,Central,21.69999999999999,16.46
A5427_7,Central,21.69999999999999,16.83
A5427_8,Central,21.700000000000045,17.2
A5433_0,Central,320.0,14.32
A5433_1,Central,103.0,14.37
A5433_2,Central,39.0,14.42
A5433_3,Central,1.0,18.74
A5433_4,Central,108.0,26.94
A5435_0,Central,188.0,11.29
A5435_1,Central,56.0,11.41
A5435_2,Central,11.0,21.44
A5436,Central,145.0,0.0
A5438_0,Central,3.0,1.0
A5438_1,Central,247.0,24.99
A5445_0,North,10.0,79.62
A5445_1,North,1.3000000000000007,81.2
A5464,Central,6.0,0.01
A5504,North,4.0,-10.0
A5506,North,30.0,0.0
A5507,North,0.1,-1.0
A5508,North,30.0,0.0
A5511,North,50.0,-35.51
A5538_0,North,6.0,74.78
A5538_1,North,1.2000000000000002,76.23
A5540_0,North,6.0,161.44
A5540_1,North,1.4000000000000004,161.89
A5541_0,North,5.0,69.53
A5541_1,North,0.40000000000000036,69.98
A5542_0,North,113.0,18.5
A5542_1,North,51.0,19.05
A5542_2,North,39.0,19.48
A5542_3,North,39.0,19.9
A5542_4,North,39.0,20.32
A5542_5,North,39.0,20.75
A5542_6,North,39.0,21.17
A5542_7,North,14.0,21.32
A5543,North,540.0,7.6
A5548,North,25.0,300.0
A5549,North,25.0,300.0
A5588_0,Central,330.0,8.74
A5588_1,Central,10.300000000000011,8.83
A5588_2,Central,190.2,12.87
A5588_3,Central,49.89999999999998,15.87
A5588_4,Central,0.10000000000002274,37.87
A5616,Central,121.8,0.0
A5640_0,North,45.0,0.0
A5640_1,North,1.0,12.0
A5641_0,North,52.5,12.48
A5641_1,North,10.5,12.57
A5641_2,North,10.5,12.65
A5641_3,North,10.5,12.74
A5641_4,North,10.5,12.82
A5641_5,North,10.5,12.91
A5641_6,North,10.5,12.99
A5641_7,North,10.5,13.08
A5641_8,North,10.5,13.16
A5647_0,North,263.7,18.41
A5647_1,North,87.90000000000003,18.72
A5647_2,North,32.0,19.36
A5647_3,North,15.899999999999977,19.79
A5647_4,North,40.0,21.16
A5647_5,North,24.0,22.19
A5648_0,North,66.3,18.41
A5648_1,North,22.10000000000001,18.72
A5648_2,North,8.0,19.36
A5648_3,North,4.099999999999994,19.79
A5648_4,North,10.0,21.16
A5648_5,North,6.0,22.19
A5657,North,0.1,0.01
A5663,North,0.1,0.0
A5673,North,190.0,13.54
A5674,North,190.0,13.54
A5679_0,North,5.0,0.1
A5679_1,North,5.0,0.15
A5692,North,1.0,-34.33
A5693,North,1.8,0.0
A5694,North,1.8,0.0
A5695,North,1.8,0.0
A5696,North,12.0,0.0
A5699,North,50.0,0.0
A5701,North,20.0,0.0
A5702,North,8.4,0.0
A5704,North,2.0,0.0
A5707_0,Central,1192.0,12.21
A5707_1,Central,124.0,16.42
A5707_2,Central,1.0,16.43
A5707_3,Central,126.0,17.48
A5707_4,Central,75.0,22.19
A5707_5,Central,15.0,32.08
A5707_6,Central,12.0,37.6
A5725_0,Central,0.1,16.9
A5725_1,Central,244.6,16.97
A5725_2,Central,179.5,18.76
A5725_3,Central,65.30000000000001,22.55
A5725_4,Central,40.700000000000045,47.48
A5726_0,Central,55.4,17.66
A5726_1,Central,40.6,19.46
A5726_2,Central,14.799999999999997,23.25
A5726_3,Central,9.200000000000003,48.17
A5727_0,Central,0.1,17.6
A5727_1,Central,244.6,17.66
A5727_2,Central,179.5,19.46
A5727_3,Central,65.30000000000001,23.25
A5727_4,Central,40.700000000000045,48.17
A5728_0,Central,55.4,16.97
A5728_1,Central,40.6,18.76
A5728_2,Central,14.799999999999997,22.55
A5728_3,Central,9.200000000000003,47.48
A5739_0,Central,69.0,20.95
A5739_1,Central,96.6,21.09
A5773,Central,2.0,80.0
A5783,Central,0.8,0.0
A5807,North,102.0,-1.0
A5811_0,North,1.0,-50.0
A5811_1,North,8.0,0.0
A5811_2,North,8.0,6.0
A5821,North,12.7,-2.0
A5833,North,0.1,-0.5
A5840,North,8.8,0.0
A5842_0,North,10.0,150.0
A5842_1,North,1.0,151.0
A5842_2,North,1.0,152.0
A5842_3,North,1.0,153.0
A5843_0,North,3.0,160.0
A5843_1,North,1.0,161.0
A5845,North,4.5,0.0
A5846,Central,34.0,43.81
A5856,Central,999.0,-24.45
A5869_0,North,1.0,9.28
A5869_1,North,218.0,9.32
A5869_2,North,39.0,9.37
A5869_3,North,1.0,12.51
A5869_4,North,44.0,13.03
A5870_0,North,1.0,9.08
A5870_1,North,218.0,9.12
A5870_2,North,1.0,9.16
A5870_3,North,38.0,9.17
A5870_4,North,1.0,12.31
A5870_5,North,44.0,12.83
A5876,Central,68.0,-2.0
A5900,North,0.1,-29.61
A5905_0,North,0.1,66.0
A5905_1,North,15.9,66.66
A5906,North,10.0,0.0
A5907,North,100.0,0.0
A5920,Central,100.0,-1.0
A5935_0,Central,312.4,12.45
A5935_1,Central,87.60000000000002,13.04
A5935_2,Central,0.10000000000002274,13.83
A5935_3,Central,205.0,15.78
A5951,North,19.1,-2.0
A5952,North,10.9,-2.0
A5953,North,140.0,0.0
A5954,North,5.0,175.54
A5962_0,North,103.4,26.03
A5962_1,North,9.399999999999991,26.18
A5962_2,North,9.400000000000006,26.33
A5962_3,North,9.399999999999991,26.48
A5962_4,North,9.400000000000006,26.63
A5962_5,North,9.400000000000006,26.78
A5962_6,North,9.400000000000006,26.93
A5962_7,North,9.399999999999977,27.08
A5962_8,North,9.400000000000006,27.23
A5970,North,40.0,0.0
A5977,North,180.0,0.0
A5995_0,Central,275.0,12.52
A5995_1,Central,125.0,14.19
A5995_2,Central,25.0,15.71
A5995_3,Central,25.0,17.69
A5995_4,Central,25.0,19.88
A5995_5,Central,50.0,21.5
A5997_0,Central,90.0,16.66
A5997_1,Central,11.200000000000003,17.29
A5997_2,Central,11.299999999999997,17.91
A5997_3,Central,11.299999999999997,18.53
A5997_4,Central,11.200000000000003,19.16
A5997_5,Central,11.199999999999989,19.78
A5997_6,Central,11.300000000000011,20.41
A5997_7,Central,11.300000000000011,21.03
A5998_0,Central,89.0,16.12
A5998_1,Central,11.0,16.7
A5998_2,Central,11.0,17.29
A5998_3,Central,11.0,17.88
A5998_4,Central,11.0,18.46
A5998_5,Central,11.0,19.05
A5998_6,Central,11.0,19.64
A5998_7,Central,11.0,20.23
A6004_0,Central,20.0,45.6
A6004_1,Central,5.0,48.65
A6004_2,Central,5.0,49.04
A6004_3,Central,5.0,49.77
A6004_4,Central,5.0,49.83
A6004_5,Central,15.0,50.33
A6022_0,Central,114.0,20.0
A6022_1,Central,8.0,20.25
A6022_2,Central,8.0,20.5
A6022_3,Central,10.0,20.75
A6022_4,Central,10.0,21.0
A6026,North,155.0,0.0
A6027_0,North,1.0,-50.0
A6027_1,North,11.0,0.0
A6027_2,North,11.0,6.0
A6035_0,North,15.0,206.58
A6035_1,North,0.5999999999999996,206.71
A6035_2,North,0.5999999999999996,206.84
A6035_3,North,0.6000000000000014,206.97
A6035_4,North,0.5999999999999979,207.11
A6035_5,North,0.6000000000000014,207.24
A6035_6,North,0.6000000000000014,207.37
A6035_7,North,0.5999999999999979,207.5
A6035_8,North,0.8000000000000007,207.68
A6042,Central,90.0,0.0
A6049_0,Central,1.0,9.21
A6049_1,Central,359.0,9.51
A6049_2,Central,114.0,9.64
A6049_3,Central,105.0,32.76
A6049_4,Central,1.0,32.92
A6049_5,Central,1.0,33.08
A6049_6,Central,2.0,33.24
A6049_7,Central,1.0,33.4
A6049_8,Central,1.0,33.56
A6324_0,Central,4.0,2.69
A6324_1,Central,8.0,2.7
A6324_2,Central,4.0,2.71
A6324_3,Central,4.0,2.72
A6324_4,Central,4.0,2.73
A6324_5,Central,8.0,2.74
A6336,North,40.0,0.0
A6337,North,0.1,-1.0
A6341,North,200.0,0.0
A6346,North,25.9,-2.0
A6347,North,75.0,-10.0
A6355_0,North,10.0,191.61
A6355_1,North,1.0999999999999996,195.14
A6362_0,North,65.0,15.33
A6362_1,North,28.0,15.46
A6362_2,North,29.0,15.59
A6362_3,North,29.0,15.71
A6362_4,North,29.0,15.84
A6362_5,North,29.0,15.96
A6362_6,North,29.0,16.09
A6362_7,North,31.0,16.23
A6363_0,North,5.0,31.76
A6363_1,North,10.0,31.79
A6363_2,North,10.0,31.84
A6363_3,North,10.0,31.92
A6363_4,North,10.0,32.04
A6363_5,North,10.0,32.2
A6363_6,North,10.0,32.54
A6363_7,North,10.0,36.78
A6364_0,North,5.0,30.49
A6364_1,North,11.0,30.68
A6364_2,North,11.0,31.11
A6364_3,North,11.0,31.86
A6364_4,North,11.0,32.91
A6364_5,North,11.0,34.26
A6364_6,North,11.0,35.92
A6364_7,North,11.0,37.88
A6365_0,North,5.0,26.8
A6365_1,North,9.0,27.1
A6365_2,North,9.0,27.95
A6365_3,North,9.0,29.41
A6365_4,North,9.0,31.46
A6365_5,North,9.0,34.13
A6365_6,North,9.0,37.32
A6365_7,North,10.0,43.37
A6366_0,North,10.0,24.26
A6366_1,North,20.0,26.72
A6366_2,North,18.0,28.94
A6366_3,North,9.0,30.05
A6366_4,North,9.0,31.16
A6366_5,North,9.0,32.27
A6366_6,North,9.0,33.38
A6366_7,North,6.0,34.48
A6367_0,North,10.0,24.26
A6367_1,North,20.0,26.72
A6367_2,North,18.0,28.94
A6367_3,North,9.0,30.05
A6367_4,North,9.0,31.16
A6367_5,North,9.0,32.27
A6367_6,North,9.0,33.38
A6367_7,North,6.0,34.48
A6370_0,North,191.0,11.29
A6370_1,North,8.0,11.36
A6370_2,North,98.0,12.21
A6370_3,North,84.0,12.94
A6370_4,North,76.0,13.61
A6370_5,North,39.0,13.94
A6370_6,North,38.0,14.27
A6370_7,North,82.0,14.99
A6371_0,North,116.0,10.8
A6371_1,North,78.0,11.36
A6371_2,North,58.0,11.79
A6371_3,North,58.0,12.21
A6371_4,North,58.0,12.63
A6371_5,North,97.0,13.34
A6371_6,North,70.0,13.85
A6371_7,North,39.0,14.13
A6373_0,North,10.0,419.58
A6373_1,North,8.0,419.61
A6373_2,North,8.0,419.63
A6375,North,150.0,-12.0
A6377_0,North,110.0,16.79
A6377_1,North,73.0,17.05
A6377_2,North,91.0,17.39
A6377_3,North,92.0,17.73
A6377_4,North,91.0,18.06
A6377_5,North,91.0,18.4
A6377_6,North,46.0,18.57
A6377_7,North,96.0,18.92
A6389_0,North,72.0,14.31
A6389_1,North,43.0,14.5
A6389_2,North,43.0,14.69
A6389_3,North,51.0,14.92
A6389_4,North,50.0,15.14
A6389_5,North,43.0,15.34
A6389_6,North,36.0,15.5
A6389_7,North,36.0,15.66
A6390_0,North,4.0,20.8
A6390_1,North,10.0,22.93
A6390_2,North,14.0,25.88
A6390_3,North,14.0,28.87
A6390_4,North,14.0,31.82
A6390_5,North,14.0,34.81
A6390_6,North,14.0,37.79
A6390_7,North,12.0,40.32
A6391_0,North,4.0,24.99
A6391_1,North,6.0,26.25
A6391_2,North,5.0,27.3
A6391_3,North,4.0,28.15
A6391_4,North,4.0,28.99
A6391_5,North,4.0,29.83
A6391_6,North,4.0,30.67
A6391_7,North,4.0,31.51
A6392_0,North,4.0,24.99
A6392_1,North,6.0,26.25
A6392_2,North,5.0,27.3
A6392_3,North,4.0,28.15
A6392_4,North,4.0,28.99
A6392_5,North,4.0,29.83
A6392_6,North,4.0,30.67
A6392_7,North,4.0,31.51
A6393,North,108.0,2.0
A6396_0,North,10.0,54.79
A6396_1,North,10.0,54.83
A6396_2,North,10.0,54.86
A6396_3,North,10.0,54.89
A6396_4,North,10.0,54.93
A6396_5,North,10.0,54.96
A6396_6,North,10.0,54.99
A6396_7,North,6.0,55.03
A6398_0,North,2.5,38.35
A6398_1,North,2.5,38.38
A6398_2,North,2.5,38.41
A6398_3,North,2.5,38.44
A6398_4,North,2.5,38.47
A6398_5,North,2.5,38.5
A6398_6,North,2.5,38.53
A6398_7,North,2.5,38.56
A6399_0,North,2.5,38.35
A6399_1,North,2.5,38.38
A6399_2,North,2.5,38.41
A6399_3,North,2.5,38.44
A6399_4,North,2.5,38.47
A6399_5,North,2.5,38.5
A6399_6,North,2.5,38.53
A6399_7,North,2.5,38.56
A6400_0,North,2.5,38.35
A6400_1,North,2.5,38.38
A6400_2,North,2.5,38.41
A6400_3,North,2.5,38.44
A6400_4,North,2.5,38.47
A6400_5,North,2.5,38.5
A6400_6,North,2.5,38.53
A6400_7,North,2.5,38.56
A6401_0,North,2.5,38.35
A6401_1,North,2.5,38.38
A6401_2,North,2.5,38.41
A6401_3,North,2.5,38.44
A6401_4,North,2.5,38.47
A6401_5,North,2.5,38.5
A6401_6,North,2.5,38.53
A6401_7,North,2.5,38.56
A6402_0,North,10.0,420.1
A6402_1,North,8.0,420.13
A6402_2,North,8.0,420.14
A6403_0,North,10.0,44.48
A6403_1,North,10.0,44.51
A6403_2,North,10.0,44.54
A6403_3,North,10.0,44.56
A6403_4,North,10.0,44.59
A6403_5,North,10.0,44.62
A6403_6,North,10.0,44.64
A6403_7,North,6.0,44.67
A6404_0,North,10.0,44.48
A6404_1,North,10.0,44.51
A6404_2,North,10.0,44.54
A6404_3,North,10.0,44.56
A6404_4,North,10.0,44.59
A6404_5,North,10.0,44.62
A6404_6,North,10.0,44.64
A6404_7,North,6.0,44.67
A6405_0,North,5.0,19.05
A6405_1,North,2.0,24.22
A6405_2,North,2.0,28.93
A6405_3,North,2.0,33.19
A6405_4,North,2.0,36.99
A6405_5,North,2.0,40.32
A6405_6,North,2.0,43.2
A6405_7,North,2.0,45.62
A6406_0,North,5.0,19.05
A6406_1,North,2.0,24.22
A6406_2,North,2.0,28.93
A6406_3,North,2.0,33.19
A6406_4,North,2.0,36.99
A6406_5,North,2.0,40.32
A6406_6,North,2.0,43.2
A6406_7,North,2.0,45.62
A6407,North,75.0,-12.0
A6408_0,North,10.0,419.58
A6408_1,North,8.0,419.61
A6408_2,North,8.0,419.63
A6411,North,175.5,-12.0
A6413_0,North,30.0,23.55
A6413_1,North,15.0,23.92
A6413_2,North,15.0,24.3
A6413_3,North,15.0,24.68
A6413_4,North,15.0,25.06
A6413_5,North,15.0,25.44
A6413_6,North,15.0,25.82
A6413_7,North,20.0,26.33
A6420,North,201.2,-12.0
A6430,North,99.0,-12.0
A6433,North,286.4,-12.0
A6434,North,153.0,-12.0
A6436,North,174.8,-12.0
A6438_0,North,1.0,-50.0
A6438_1,North,59.0,0.0
A6439_0,North,20.0,27.81
A6439_1,North,4.0,27.82
A6439_2,North,5.0,27.83
A6440_0,North,6.0,28.95
A6440_1,North,6.0,28.96
A6440_2,North,6.0,28.97
A6441_0,North,8.0,13.82
A6441_1,North,2.0,13.83
A6441_2,North,2.0,13.84
A6442_0,North,38.0,21.45
A6442_1,North,62.0,21.46
A6442_2,North,41.0,21.47
A6442_3,North,1.0,21.48
A6446,Central,18.2,-0.01
A6449_0,Central,55.0,12.0
A6449_1,Central,41.400000000000006,150.0
A6452_0,North,1.0,6.25
A6452_1,North,4.0,6.5
A6458_0,Central,244.0,2.3
A6458_1,Central,0.09999999999999432,100.0
A6459_0,Central,246.0,1.9
A6459_1,Central,0.09999999999999432,100.0
A6601_0,Central,312.4,12.45
A6601_1,Central,87.60000000000002,13.04
A6601_2,Central,0.10000000000002274,13.83
A6601_3,Central,205.0,15.77
A6606_0,North,7.0,0.0
A6606_1,North,11.0,999.0
A6607,North,100.0,-35.51
A6611,North,16.0,0.0
A6612_0,North,50.0,3.0
A6612_1,North,64.0,3.01
A6616_0,North,24.0,11.29
A6616_1,North,1.0,11.36
A6616_2,North,12.0,12.21
A6616_3,North,11.0,12.94
A6616_4,North,9.0,13.61
A6616_5,North,5.0,13.94
A6616_6,North,5.0,14.27
A6616_7,North,10.0,14.99
A6617_0,North,17.2,10.8
A6617_1,North,11.5,11.36
A6617_2,North,8.599999999999998,11.79
A6617_3,North,9.5,12.21
A6617_4,North,7.700000000000003,12.63
A6617_5,North,14.299999999999997,13.34
A6617_6,North,10.299999999999997,13.85
A6617_7,North,5.700000000000003,14.13
A6618_0,North,1.0,16.38
A6618_1,North,5.0,16.79
A6618_2,North,3.0,17.05
A6618_3,North,5.0,17.39
A6618_4,North,4.0,17.73
A6618_5,North,5.0,18.06
A6618_6,North,5.0,18.4
A6618_7,North,2.0,18.57
A6618_8,North,5.0,18.92
A6619_0,North,5.0,16.79
A6619_1,North,3.0,17.05
A6619_2,North,4.0,17.39
A6619_3,North,4.0,17.73
A6619_4,North,4.0,18.06
A6619_5,North,4.0,18.4
A6619_6,North,2.0,18.57
A6619_7,North,4.0,18.92
A6620,North,28.0,-38.0
A6625,North,9.0,0.0
A6634,North,1.0,0.0
A6663,Central,999.0,0.0
A6665_0,Central,100.0,18.2
A6665_1,Central,61.0,18.34
A6665_2,Central,30.0,18.61
A6665_3,Central,22.0,18.89
A6665_4,Central,18.0,19.17
A6665_5,Central,29.0,19.64
A6667_0,Central,350.0,16.72
A6667_1,Central,123.0,16.78
A6667_2,Central,187.0,16.98
A6667_3,Central,80.0,17.19
A6667_4,Central,42.0,17.33
A6667_5,Central,29.0,17.43
A6667_6,Central,24.0,17.52
A6673,Central,999.0,0.0
A6674,Central,500.0,30.6
A6680,Central,40.0,48.82
A6682,Central,999.0,0.0
A6683_0,Central,9.0,106.86
A6683_1,Central,4.199999999999999,106.87
A6683_2,Central,2.8000000000000007,106.88
A6684,Central,999.0,0.0
A6685_0,Central,140.0,18.36
A6685_1,Central,30.0,18.71
A6685_2,Central,3.0,18.75
A6685_3,Central,21.0,19.07
A6685_4,Central,19.0,19.41
A6685_5,Central,15.0,19.72
A6685_6,Central,14.0,20.03
A6685_7,Central,13.0,20.34
A6686_0,Central,130.0,20.0
A6686_1,Central,40.0,20.03
A6686_2,Central,10.0,20.04
A6686_3,Central,1.0,101.64
A6686_4,Central,23.0,101.9
A6686_5,Central,18.0,102.29
A6686_6,Central,14.0,102.67
A6687_0,Central,60.0,48.63
A6687_1,Central,115.0,49.03
A6687_2,Central,1.0,89.06
A6687_3,Central,107.0,89.73
A6687_4,Central,108.0,91.17
A6687_5,Central,80.0,92.58
A6687_6,Central,64.0,94.02
A6687_7,Central,55.0,95.44
A6688_0,Central,60.0,49.6
A6688_1,Central,40.0,49.94
A6688_2,Central,1.0,90.72
A6688_3,Central,20.0,91.03
A6688_4,Central,68.0,91.96
A6688_5,Central,77.0,92.88
A6688_6,Central,89.0,93.81
A6688_7,Central,111.0,94.73
A6689,Central,383.0,43.79
A6690,Central,192.0,43.87
A6693,Central,383.0,43.83
A6710,Central,999.0,0.0
A6711,Central,500.0,34.3
A6723,Central,190.0,16.96
A6725,Central,190.0,15.09
A6793_0,Central,40.0,39.77
A6793_1,Central,11.0,41.51
A6811,Central,49.5,0.0
A6850_0,North,1.0,0.01
A6850_1,North,4.0,0.1
A6850_2,North,5.0,0.15
A6861_0,North,35.0,38.92
A6861_1,North,3.0,38.93
A6862_0,North,35.0,42.43
A6862_1,North,3.0,42.44
A6863,North,23.0,0.0
A6865_0,North,115.0,23.94
A6865_1,North,168.89999999999998,23.97
A6865_2,North,86.10000000000002,26.71
A6866,North,17.0,0.0
A6870,North,19.0,0.0
A6884,North,200.0,-34.0
A6885_0,North,28.0,14.31
A6885_1,North,16.700000000000003,14.5
A6885_2,North,16.699999999999996,14.69
A6885_3,North,19.9,14.92
A6885_4,North,19.400000000000006,15.14
A6885_5,North,16.700000000000003,15.34
A6885_6,North,14.0,15.5
A6885_7,North,14.0,15.66
A6886_0,North,0.1,-20.0
A6886_1,North,7.5,0.4
A6886_2,North,4.1,2.1
A6886_3,North,2.6000000000000014,3.5
A6886_4,North,2.3999999999999986,5.4
A6886_5,North,1.0,6.5
A6886_6,North,1.1999999999999993,11.5
A6959,North,100.0,-35.51
A6972_0,Central,73.0,22.03
A6972_1,Central,18.0,22.04
A6972_2,Central,18.0,22.06
A6972_3,Central,18.0,22.08
A6972_4,Central,18.0,22.1
A6972_5,Central,18.0,22.12
A6972_6,Central,18.0,22.14
A6972_7,Central,18.0,22.16
A6972_8,Central,18.0,22.17
A6973_0,Central,72.0,22.3
A6973_1,Central,17.0,22.38
A6973_2,Central,17.0,22.46
A6973_3,Central,17.0,22.55
A6973_4,Central,17.0,22.63
A6973_5,Central,17.0,22.71
A6973_6,Central,17.0,22.79
A6973_7,Central,17.0,22.88
A6973_8,Central,17.0,22.96
A6978_0,Central,7.0,49.06
A6978_1,Central,7.0,49.48
A6978_2,Central,7.0,49.9
A6978_3,Central,7.0,50.33
A6978_4,Central,7.0,50.75
A6978_5,Central,7.0,51.17
A6978_6,Central,7.0,51.6
A6978_7,Central,7.0,52.02
A6978_8,Central,7.0,52.56
A6983_0,Central,140.0,13.18
A6983_1,Central,40.0,13.68
A6983_2,Central,20.0,16.56
A6983_3,Central,99.0,17.18
A6983_4,Central,1.0,18.83
A6983_5,Central,40.0,19.02
A6983_6,Central,20.0,19.11
A6983_7,Central,20.0,19.21
A6983_8,Central,20.0,19.3
A6985,North,0.1,-0.5
A6992,North,1.0,-34.33
A6994_0,North,1.0,-50.0
A6994_1,North,13.0,0.0
A6994_2,North,13.0,1.0
A6995,North,999.0,0.0
A6999_0,North,1.0,-50.0
A6999_1,North,60.0,0.0
A7043_0,Central,359.0,9.88
A7043_1,Central,47.0,10.67
A7043_2,Central,47.0,11.46
A7043_3,Central,46.0,12.25
A7043_4,Central,47.0,13.04
A7047,Central,117.3,0.0
A7049,North,160.0,0.0
A7064,North,25.2,-2.0
A7065,North,1.0,0.0
A7074_0,North,310.0,-5.0
A7074_1,North,0.10000000000002274,10.09
A7074_2,North,26.899999999999977,10.15
A7074_3,North,26.899999999999977,10.21
A7074_4,North,26.900000000000034,10.26
A7074_5,North,26.899999999999977,10.32
A7074_6,North,26.900000000000034,10.38
A7074_7,North,26.899999999999977,10.44
A7074_8,North,26.899999999999977,10.49
A7077_0,North,310.0,-5.0
A7077_1,North,0.10000000000002274,10.09
A7077_2,North,27.799999999999955,10.15
A7077_3,North,27.80000000000001,10.21
A7077_4,North,27.80000000000001,10.26
A7077_5,North,27.80000000000001,10.32
A7077_6,North,27.80000000000001,10.38
A7077_7,North,27.799999999999955,10.44
A7077_8,North,27.80000000000001,10.49
A7081,North,19.8,0.0
A7082,North,19.8,0.0
A7127_0,Central,39.0,7.21
A7127_1,Central,9.399999999999999,7.53
A7127_2,Central,9.300000000000004,7.79
A7127_3,Central,9.399999999999991,8.11
A7131_0,Central,38.0,14.7
A7131_1,Central,26.0,14.71
A7150,North,13.5,-2.0
A7158,North,0.1,-35.51
A7159,North,100.0,0.0
A7160,North,100.0,0.0
A7161,North,999.0,0.0
A7162,North,100.0,0.0
A7163,North,100.0,0.0
A7164,North,100.0,0.0
A7165,North,100.0,0.0
A7166,North,100.0,0.0
A7297,Central,36.0,40.59
A7298,Central,36.0,40.59
A7299,Central,36.0,40.59
A7300,Central,36.0,40.59
A7311,North,36.0,0.0
A7353,Central,150.0,0.0
A7362_0,Central,24.0,13.16
A7362_1,Central,5.699999999999999,13.33
A7362_2,Central,5.800000000000001,13.5
A7362_3,Central,5.700000000000003,13.67
A7363,Central,150.0,0.0
A7493_0,North,0.1,-15.0
A7493_1,North,40.9,-14.5
A7501_0,North,6.0,146.78
A7501_1,North,3.0,160.94
A7501_2,North,3.0,175.1
A7501_3,North,3.0,189.25
A7501_4,North,3.0,203.41
A7501_5,North,3.0,217.57
A7501_6,North,3.0,231.73
A7501_7,North,2.0,241.17
A7502,North,20.0,0.0
A7548_0,North,1.0,-50.0
A7548_1,North,7.0,0.0
A7548_2,North,7.0,6.0
A7549,North,80.0,2.0
A7550,North,119.6,-12.0
A7564,Central,500.0,34.3
A7578,Central,500.0,30.6
A7589,Central,68.4,-0.01
A7590,Central,61.1,-23.44
A7682,Central,2.5,0.0
A7683,Central,3.7,0.0
A7795,North,133.2,-12.0
A7796,North,151.6,-12.0
A7797,North,158.4,-12.0
A7869_0,North,4.0,0.0
A7869_1,North,17.0,999.0
A7884_0,North,37.5,12.7
A7884_1,North,2.5,12.79
A7884_2,North,5.0,12.85
A7884_3,North,5.0,12.91
A7884_4,North,10.0,12.97
A7884_5,North,10.0,13.04
A7884_6,North,10.0,13.1
A7884_7,North,10.0,13.16
A7884_8,North,12.0,13.22
A7890,North,10.0,162.75
A7894,North,16.0,0.0
A7895,North,16.0,0.0
A7931,North,100.0,-12.0
A7932,North,200.1,-12.0
A7933,Central,999.0,-0.45
A7937,Central,72.8,-0.01
A7980,Central,60.5,28.66
A7984,Central,58.5,-23.44
A7985,Central,11.7,-23.44
A7986,Central,22.7,-23.44
A8014_0,North,5.0,0.0
A8014_1,North,94.0,0.5
A8015_0,North,0.1,-10.0
A8015_1,North,49.9,-9.5
A8016_0,North,0.1,-10.0
A8016_1,North,35.9,-9.5
A8021,North,7.0,-5.0
A8022,North,23.0,0.0
A8030,North,50.0,0.0
A8034,North,13.2,0.0
A8035,North,13.2,0.0
A8073,North,150.0,-12.0
A8157,North,98.9,0.0
A8264,Central,5.6,8.5
A8281,Central,103.1,0.0
A8288,North,80.0,-46.0
A8301,North,200.0,-35.08
A8492_0,Central,12.0,17.47
A8492_1,Central,4.0,20.0
A8492_2,Central,6.0,20.11
A8493_0,Central,12.0,17.47
A8493_1,Central,4.0,20.0
A8493_2,Central,6.0,20.11
A8494_0,Central,12.0,17.47
A8494_1,Central,4.0,20.0
A8494_2,Central,6.0,20.11
A8534,Central,30.0,0.0
A8535,Central,100.5,-9.25
A8541_0,South,50.0,21.41
A8541_1,South,20.0,21.42
A8541_2,South,5.0,21.43
A8542_0,South,50.0,26.51
A8542_1,South,14.0,28.01
A8542_2,South,10.0,29.51
A8542_0,South,50.0,26.51
A8542_1,South,14.0,28.01
A8542_2,South,10.0,29.51
A8542_0,South,50.0,26.51
A8542_1,South,14.0,28.01
A8542_2,South,10.0,29.51
A8543_0,South,50.0,26.01
A8543_1,South,14.0,27.01
A8543_2,South,11.0,28.01
A8543_0,South,50.0,26.01
A8543_1,South,14.0,27.01
A8543_2,South,11.0,28.01
A8543_0,South,50.0,26.01
A8543_1,South,14.0,27.01
A8543_2,South,11.0,28.01
A8544_0,South,50.0,27.01
A8544_1,South,14.0,29.01
A8544_2,South,11.0,31.01
A8544_0,South,50.0,27.01
A8544_1,South,14.0,29.01
A8544_2,South,11.0,31.01
A8544_0,South,50.0,27.01
A8544_1,South,14.0,29.01
A8544_2,South,11.0,31.01
A8545_0,South,35.0,25.27
A8545_1,South,44.0,26.27
A8545_2,South,13.0,27.27
A8545_0,South,35.0,25.27
A8545_1,South,44.0,26.27
A8545_2,South,13.0,27.27
A8545_0,South,35.0,25.27
A8545_1,South,44.0,26.27
A8545_2,South,13.0,27.27
A8546_0,South,35.0,27.31
A8546_1,South,46.0,30.31
A8546_2,South,11.0,33.31
A8546_0,South,35.0,27.31
A8546_1,South,46.0,30.31
A8546_2,South,11.0,33.31
A8546_0,South,35.0,27.31
A8546_1,South,46.0,30.31
A8546_2,South,11.0,33.31
A8547_0,South,74.0,28.63
A8547_1,South,18.0,31.63
A8547_2,South,7.0,34.63
A8547_0,South,74.0,28.63
A8547_1,South,18.0,31.63
A8547_2,South,7.0,34.63
A8547_0,South,74.0,28.63
A8547_1,South,18.0,31.63
A8547_2,South,7.0,34.63
A8548_0,South,74.0,28.38
A8548_1,South,18.0,31.38
A8548_2,South,7.0,34.38
A8548_0,South,74.0,28.38
A8548_1,South,18.0,31.38
A8548_2,South,7.0,34.38
A8548_0,South,74.0,28.38
A8548_1,South,18.0,31.38
A8548_2,South,7.0,34.38
A8549_0,South,225.0,28.67
A8549_1,South,155.0,30.22
A8549_2,South,1.0,35.23
A8549_3,South,169.0,36.92
A8549_0,South,225.0,28.67
A8549_1,South,155.0,30.22
A8549_2,South,1.0,35.23
A8549_3,South,169.0,36.92
A8549_0,South,225.0,28.67
A8549_1,South,155.0,30.22
A8549_2,South,1.0,35.23
A8549_3,South,169.0,36.92
A8550_0,South,100.0,20.88
A8550_1,South,400.0,23.77
A8550_2,South,1.0,28.78
A8550_3,South,44.0,29.09
A8550_4,South,25.0,29.27
A8550_0,South,100.0,20.88
A8550_1,South,400.0,23.77
A8550_2,South,1.0,28.78
A8550_3,South,44.0,29.09
A8550_4,South,25.0,29.27
A8550_0,South,100.0,20.88
A8550_1,South,400.0,23.77
A8550_2,South,1.0,28.78
A8550_3,South,44.0,29.09
A8550_4,South,25.0,29.27
A8554_0,South,150.0,17.35
A8554_1,South,25.0,18.42
A8554_2,South,25.0,19.66
A8554_3,South,20.0,20.77
A8554_4,South,1.0,20.83
A8554_5,South,54.0,24.36
A8554_6,South,30.0,26.66
A8558_0,South,55.0,41.63
A8558_1,South,30.0,41.64
A8559_0,South,55.0,31.63
A8559_1,South,30.0,31.64
A8560,South,48.0,36.82
A8561,South,48.0,36.82
A8563,South,11.6,39.21
A8564_0,South,8.0,28.7
A8564_1,South,4.199999999999999,29.06
A8564_2,South,4.199999999999999,29.42
A8564_3,South,4.200000000000003,29.78
A8564_4,South,4.199999999999999,30.14
A8565_0,South,8.0,29.85
A8565_1,South,8.600000000000001,31.94
A8565_2,South,7.599999999999998,33.78
A8565_3,South,7.600000000000001,35.62
A8565_4,South,7.599999999999998,37.46
A8566,South,48.0,36.23
A8567,South,48.0,36.23
A8570,South,13.0,1.0
A8573_0,South,6.0,49.32
A8573_1,South,9.0,57.32
A8573_2,South,5.0,65.32
A8573_0,South,6.0,49.32
A8573_1,South,9.0,57.32
A8573_2,South,5.0,65.32
A8573_0,South,6.0,49.32
A8573_1,South,9.0,57.32
A8573_2,South,5.0,65.32
A8574_0,South,5.0,52.94
A8574_1,South,2.0,60.94
A8574_2,South,7.0,68.94
A8574_0,South,5.0,52.94
A8574_1,South,2.0,60.94
A8574_2,South,7.0,68.94
A8574_0,South,5.0,52.94
A8574_1,South,2.0,60.94
A8574_2,South,7.0,68.94
A8577_0,South,5.0,47.56
A8577_1,South,9.0,55.56
A8577_2,South,6.0,63.56
A8577_0,South,5.0,47.56
A8577_1,South,9.0,55.56
A8577_2,South,6.0,63.56
A8577_0,South,5.0,47.56
A8577_1,South,9.0,55.56
A8577_2,South,6.0,63.56
A8578_0,South,5.0,52.0
A8578_1,South,6.0,62.0
A8578_2,South,3.0,72.0
A8578_0,South,5.0,52.0
A8578_1,South,6.0,62.0
A8578_2,South,3.0,72.0
A8578_0,South,5.0,52.0
A8578_1,South,6.0,62.0
A8578_2,South,3.0,72.0
A8579_0,South,5.0,51.43
A8579_1,South,6.0,59.43
A8579_2,South,5.0,67.43
A8579_0,South,5.0,51.43
A8579_1,South,6.0,59.43
A8579_2,South,5.0,67.43
A8579_0,South,5.0,51.43
A8579_1,South,6.0,59.43
A8579_2,South,5.0,67.43
A8581_0,South,6.0,49.37
A8581_1,South,2.0,57.37
A8581_2,South,6.0,65.37
A8581_0,South,6.0,49.37
A8581_1,South,2.0,57.37
A8581_2,South,6.0,65.37
A8581_0,South,6.0,49.37
A8581_1,South,2.0,57.37
A8581_2,South,6.0,65.37
A8723,Central,61.2,-33.67
A8724,Central,51.9,-33.67
A8734_0,Central,140.0,8.11
A8734_1,Central,26.80000000000001,8.43
A8734_2,Central,26.799999999999983,8.74
A8734_3,Central,26.80000000000001,9.06
A8734_4,Central,26.69999999999999,9.37
A8734_5,Central,19.400000000000006,9.6
A8734_6,Central,34.19999999999999,13.5
A8735_0,South,1.0,6.62
A8735_1,South,499.0,14.42
A8735_2,South,65.0,15.44
A8736_0,South,340.0,14.85
A8736_1,South,30.0,15.1
A8736_2,South,30.0,15.36
A8736_3,South,30.0,15.62
A8736_4,South,30.0,15.87
A8736_5,South,36.0,16.18
A8736_6,South,42.0,19.57
A8736_7,South,1.0,27.91
A8737_0,South,181.0,7.37
A8737_1,South,19.0,7.42
A8737_2,South,18.0,7.47
A8737_3,South,19.0,7.52
A8737_4,South,18.0,7.57
A8737_5,South,19.0,7.62
A8737_6,South,18.0,7.67
A8737_7,South,42.0,7.72
A8741_0,South,170.0,14.32
A8741_1,South,20.0,14.88
A8741_2,South,20.0,15.45
A8741_3,South,20.0,16.02
A8741_4,South,20.0,20.63
A8742_0,South,340.0,15.15
A8742_1,South,30.0,15.43
A8742_2,South,25.0,15.66
A8742_3,South,25.0,15.89
A8742_4,South,20.0,16.08
A8742_5,South,40.0,20.63
A8747_0,South,115.0,5.45
A8747_1,South,10.0,5.46
A8747_2,South,42.0,10.26
A8747_3,South,20.0,15.36
A8747_4,South,5.0,87.69
A8758,South,8.5,57.0
A8759_0,South,1.0,5.97
A8759_1,South,204.3,6.33
A8759_2,South,205.3,6.7
A8759_3,South,205.39999999999998,7.07
A8759_4,South,287.4,7.58
A8760_0,South,1.0,8.16
A8760_1,South,241.2,8.39
A8760_2,South,242.2,8.63
A8760_3,South,242.20000000000005,8.86
A8760_4,South,339.1,9.19
A8764_0,South,1.0,10.65
A8764_1,South,247.0,13.78
A8764_2,South,1.0,16.46
A8764_3,South,41.0,16.65
A8765_0,South,1.0,10.65
A8765_1,South,247.0,13.78
A8765_2,South,1.0,16.46
A8765_3,South,41.0,16.65
A8766_0,South,1.0,13.74
A8766_1,South,244.0,17.77
A8766_2,South,1.0,20.7
A8766_3,South,44.0,20.95
A8769_0,South,337.0,33.09
A8769_1,South,0.10000000000002274,60.0
A8769_2,South,1.0,60.1
A8775_0,South,1.0,2.1
A8775_1,South,32.5,2.17
A8775_2,South,33.599999999999994,2.25
A8775_3,South,33.60000000000001,2.33
A8775_4,South,46.89999999999999,2.44
A8788_0,South,10.0,17.68
A8788_1,South,5.0,17.85
A8788_2,South,4.0,17.99
A8788_3,South,1.0,18.03
A8789_0,South,10.0,17.68
A8789_1,South,5.0,17.85
A8789_2,South,4.0,17.99
A8789_3,South,1.0,18.03
A8790_0,South,20.0,17.86
A8790_1,South,10.0,17.98
A8790_2,South,14.0,18.16
A8790_3,South,2.0,18.19
A8791_0,South,20.0,16.37
A8791_1,South,10.0,16.4
A8791_2,South,15.0,16.46
A8791_3,South,3.0,16.47
A8792_0,South,20.0,18.75
A8792_1,South,10.0,18.81
A8792_2,South,15.0,18.91
A8792_3,South,2.0,18.92
A8795_0,South,122.0,134.29
A8795_1,South,197.0,146.46
A8796,South,170.0,9.98
A8797,South,27.0,3.51
A8798_0,South,69.0,13.61
A8798_1,South,0.09999999999999432,60.0
A8799_0,South,89.0,13.61
A8799_1,South,0.09999999999999432,60.0
A8800_0,South,64.0,13.61
A8800_1,South,0.09999999999999432,60.0
A8801_0,South,110.0,14.55
A8801_1,South,40.0,16.96
A8804,South,143.0,7.95
A8821_0,South,1.0,17.63
A8821_1,South,207.0,18.73
A8821_2,South,208.0,19.84
A8821_3,South,208.0,20.95
A8821_4,South,291.20000000000005,22.51
A8824_0,South,1.0,13.0
A8824_1,South,127.0,13.47
A8824_2,South,128.0,13.95
A8824_3,South,128.0,14.43
A8824_4,South,179.20000000000005,15.1
A8825_0,South,1.0,15.01
A8825_1,South,58.8,15.66
A8825_2,South,59.7,16.33
A8825_3,South,59.69999999999999,17.0
A8825_4,South,83.69999999999999,17.94
A8826_0,South,1.0,15.73
A8826_1,South,60.0,16.09
A8826_2,South,61.0,16.46
A8826_3,South,61.0,16.82
A8826_4,South,85.39999999999998,17.34
A8828_0,South,1.0,16.4
A8828_1,South,99.0,17.04
A8828_2,South,100.0,17.68
A8828_3,South,100.0,18.32
A8828_4,South,140.0,19.22
A8836_0,South,30.0,20.66
A8836_1,South,13.0,21.21
A8836_2,South,13.0,21.75
A8836_3,South,13.0,22.29
A8836_4,South,13.0,22.84
A8836_5,South,13.0,23.38
A8836_6,South,13.0,23.92
A8836_7,South,13.0,24.47
A8841_0,South,1.0,24.49
A8841_1,South,58.0,24.53
A8843_0,South,1.0,7.67
A8843_1,South,89.0,21.35
A8852_0,South,55.0,15.62
A8852_1,South,11.0,15.67
A8852_2,South,34.0,15.84
A8852_3,South,50.0,16.08
A8852_4,South,50.0,16.3
A8852_5,South,50.0,16.54
A8852_6,South,50.0,16.79
A8852_7,South,50.0,17.01
A8852_8,South,50.0,17.25
A8854_0,South,1.0,15.3
A8854_1,South,178.8,15.98
A8854_2,South,179.8,16.66
A8854_3,South,179.79999999999995,17.34
A8854_4,South,251.70000000000005,18.3
A8859_0,South,295.6,13.51
A8859_1,South,41.0,14.03
A8859_2,South,41.0,14.12
A8859_3,South,41.0,14.49
A8859_4,South,41.0,15.02
A8859_5,South,41.0,15.71
A8859_6,South,41.0,16.57
A8859_7,South,41.19999999999993,16.67
A8859_8,South,0.10000000000002274,23.45
A8861_0,South,1.0,5.49
A8861_1,South,511.0,11.95
A8861_2,South,56.0,16.27
A8862_0,South,1.0,3.65
A8862_1,South,34.4,8.0
A8862_2,South,35.4,12.48
A8862_3,South,35.5,16.95
A8862_4,South,49.60000000000001,23.22
A8865_0,South,1.0,19.38
A8865_1,South,205.0,20.7
A8866_0,South,34.0,20.0
A8866_1,South,46.0,20.01
A8868_0,South,17.0,20.0
A8868_1,South,24.0,20.01
A8882,South,11.6,119.0
A8886_0,South,1.0,6.55
A8886_1,South,238.2,6.73
A8886_2,South,239.3,6.92
A8886_3,South,239.29999999999995,7.1
A8886_4,South,334.9000000000001,7.36
A8890_0,South,87.0,15.98
A8890_1,South,13.5,16.0
A8892_0,South,1.0,15.61
A8892_1,South,49.4,16.12
A8892_2,South,50.4,16.64
A8892_3,South,50.39999999999999,17.16
A8892_4,South,70.60000000000002,17.88
A8894_0,South,1.0,13.19
A8894_1,South,86.2,14.17
A8894_2,South,87.3,15.16
A8894_3,South,87.30000000000001,16.15
A8894_4,South,122.09999999999997,17.54
A8895_0,South,1.0,12.73
A8895_1,South,124.6,13.85
A8895_2,South,125.6,14.98
A8895_3,South,125.69999999999999,16.11
A8895_4,South,175.89999999999998,17.68
A8896_0,South,1.0,15.27
A8896_1,South,108.3,15.89
A8896_2,South,109.39999999999999,16.51
A8896_3,South,109.40000000000003,17.13
A8896_4,South,153.0,18.0
A8897_0,South,45.0,0.0
A8897_1,South,1.0,1.0
A8897_2,South,2.0,2.0
A8897_3,South,2.0,3.0
A8898_0,South,55.0,32.11
A8898_1,South,30.0,32.12
A8899_0,South,1.0,2.61
A8899_1,South,15.0,2.64
A8899_2,South,16.0,2.66
A8899_3,South,16.1,2.69
A8899_4,South,22.4,2.72
A8900_0,South,1.0,6.33
A8900_1,South,89.0,19.67
A8901_0,South,1.0,6.33
A8901_1,South,89.0,19.67
A8902_0,South,1.0,6.33
A8902_1,South,89.0,19.67
A8904_0,South,1.0,3.7
A8904_1,South,20.1,3.71
A8904_2,South,25.4,3.72
A8905_0,South,1.0,8.17
A8905_1,South,46.0,15.03
A8906_0,South,1.0,8.17
A8906_1,South,46.0,15.03
A8907_0,South,1.0,8.17
A8907_1,South,46.0,15.03
A8910,South,34.0,35.06
A8915_0,South,15.0,8.32
A8915_1,South,27.200000000000003,9.98
A8917_0,South,1.0,21.53
A8917_1,South,99.2,22.0
A8917_2,South,100.3,22.48
A8917_3,South,100.30000000000001,22.96
A8917_4,South,140.3,23.64
A8918_0,South,1.0,19.82
A8918_1,South,100.8,20.1
A8918_2,South,101.89999999999999,20.39
A8918_3,South,101.80000000000001,20.68
A8918_4,South,142.5,21.08
A8920_0,South,1.0,0.53
A8920_1,South,31.200000000000003,0.54
A8921,South,10.0,2.17
A8922_0,South,1.0,14.78
A8922_1,South,200.2,16.52
A8922_2,South,201.10000000000002,18.28
A8922_3,South,201.2,20.03
A8922_4,South,281.6,22.49
A8923_0,South,1.0,16.59
A8923_1,South,202.2,17.36
A8923_2,South,203.3,18.15
A8923_3,South,203.29999999999995,18.93
A8923_4,South,284.5,20.02
A8969_0,North,335.0,10.0
A8969_1,North,1.0,99.0
A8970_0,North,94.5,10.0
A8970_1,North,0.09999999999999432,99.0
A8971,North,1.0,0.01
A9015,North,140.8,-12.0
A9016,North,251.1,-12.0
A9227,North,10.0,0.0
A9290_0,South,10.0,16.81
A9290_1,South,15.0,17.15
A9290_2,South,20.0,17.6
A9290_3,South,20.0,18.05
A9290_4,South,25.0,18.62
A9290_5,South,0.09999999999999432,19.81
A9290_6,South,59.900000000000006,19.82
A9428,Central,999.0,-24.45
A9429_0,North,9.0,25.0
A9429_1,North,8.0,25.25
A9429_2,North,9.0,25.3
A9429_3,North,9.0,25.35
A9429_4,North,9.0,25.4
A9429_5,North,8.0,25.45
A9429_6,North,9.0,25.5
A9429_7,North,9.0,25.55
A9429_8,North,9.0,25.6
A9438_0,South,1.0,6.86
A9438_1,South,529.0,10.69
A9438_2,South,43.0,13.18
A9480,North,1.0,-39.5
A9514,North,112.6,-12.0
A9674,Central,50.0,-23.44
A9829_0,South,4.0,8.32
A9829_1,South,1.0,20.8
A9829_2,South,3.0,24.96
A9830_0,South,4.0,8.32
A9830_1,South,1.0,9.98
A9830_2,South,198.2,14.14
A9921,Central,14.0,-0.01
A10199_0,Central,1.0,212.57
A10199_1,Central,0.19999999999999996,213.56
A10199_2,Central,0.19999999999999996,214.55
A10199_3,Central,0.30000000000000004,216.04
A10199_4,Central,0.19999999999999996,217.03
A10199_5,Central,0.20000000000000018,218.02
A10199_6,Central,0.19999999999999973,219.01
A10199_7,Central,0.30000000000000027,220.5
A10199_8,Central,0.19999999999999973,221.49
A10200_0,Central,13.0,0.27
A10200_1,Central,0.40000000000000036,0.28
A10200_2,Central,0.5,0.29
A10200_3,Central,0.40000000000000036,0.3
A10200_4,Central,0.8999999999999986,0.31
A10200_5,Central,0.5,0.32
A10200_6,Central,0.40000000000000213,0.33
A10200_7,Central,0.5,0.34
A10203,Central,4.0,-0.01
A10204,Central,13.3,0.0
A10205_0,Central,3.0,0.07
A10205_1,Central,2.7,0.12
A10205_2,Central,2.6000000000000005,0.18
A10205_3,Central,2.6999999999999993,0.23
A10205_4,Central,2.6999999999999993,0.28
A10205_5,Central,2.6000000000000014,0.34
A10205_6,Central,2.6999999999999993,0.39
A10205_7,Central,2.6999999999999993,0.44
A10205_8,Central,2.6000000000000014,0.5
A10206_0,Central,1.0,212.57
A10206_1,Central,0.19999999999999996,213.56
A10206_2,Central,0.19999999999999996,214.55
A10206_3,Central,0.30000000000000004,216.04
A10206_4,Central,0.19999999999999996,217.03
A10206_5,Central,0.20000000000000018,218.02
A10206_6,Central,0.19999999999999973,219.01
A10206_7,Central,0.30000000000000027,220.5
A10206_8,Central,0.19999999999999973,221.49
A10207_0,Central,1.0,212.57
A10207_1,Central,0.19999999999999996,213.56
A10207_2,Central,0.19999999999999996,214.55
A10207_3,Central,0.30000000000000004,216.04
A10207_4,Central,0.19999999999999996,217.03
A10207_5,Central,0.20000000000000018,218.02
A10207_6,Central,0.19999999999999973,219.01
A10207_7,Central,0.30000000000000027,220.5
A10207_8,Central,0.19999999999999973,221.49
A10261_0,North,9.0,188.0
A10261_1,North,9.100000000000001,188.1
A10261_2,North,7.199999999999999,188.2
A10376_0,South,240.0,18.45
A10376_1,South,60.0,23.3
A10376_2,South,0.10000000000002274,23.41
A10378,South,185.0,19.17
A10481_0,South,240.0,12.3
A10481_1,South,18.0,12.48
A10481_2,South,18.0,12.65
A10481_3,South,18.0,12.83
A10481_4,South,17.0,13.01
A10481_5,South,18.0,13.19
A10481_6,South,18.0,13.37
A10481_7,South,18.0,13.54
A10506,North,150.0,-34.77
A10507,North,48.0,24.34
A10522,North,200.0,-34.77
A10557,North,168.9,-12.0
A10558,North,168.9,-12.0
A10559,North,164.2,-12.0
A10738,Central,63.7,8.5
A10780_0,North,0.1,10.0
A10780_1,North,12.9,10.01
A10833,North,154.3,-12.0
A10834_0,South,35.0,15.5
A10834_1,South,1.3999999999999986,15.56
A10834_2,South,9.100000000000001,15.9
A10834_3,South,9.100000000000001,16.2
A10834_4,South,9.100000000000001,16.44
A10995_0,North,10.0,40.0
A10995_1,North,4.0,40.01
A10995_2,North,2.0,40.02
A10996_0,North,1.0,0.01
A10996_1,North,79.0,0.05
A11047_0,North,3.0,12.4
A11047_1,North,3.4000000000000004,14.03
A11047_2,North,6.4,17.11
A11047_3,North,6.300000000000001,20.14
A11047_4,North,6.5,23.27
A11219_0,Central,12.0,36.81
A11219_1,Central,5.0,39.96
A11219_2,Central,5.0,40.06
A11251_0,Central,16.0,26.58
A11251_1,Central,2.0,26.68
A11251_2,Central,5.0,26.78
A11255_0,Central,19.0,14.44
A11255_1,Central,1.0,18.4
A11255_2,Central,3.0,18.5
A11256_0,Central,19.0,14.44
A11256_1,Central,1.0,18.4
A11256_2,Central,3.0,18.5
A11271,Central,105.0,8.5
A11273_0,Central,58.6,6.17
A11273_1,Central,36.99999999999999,8.07
A11273_2,Central,5.0,8.33
A11304_0,South,1.0,7.06
A11304_1,South,495.0,13.77
A11312_0,South,1.0,5.36
A11312_1,South,110.8,5.92
A11312_2,South,111.8,6.48
A11312_3,South,111.70000000000002,7.04
A11312_4,South,156.5,7.82
A11313_0,South,1.0,5.37
A11313_1,South,51.8,5.92
A11313_2,South,52.7,6.48
A11313_3,South,52.80000000000001,7.04
A11313_4,South,73.89999999999998,7.82
A11314_0,South,1.0,5.36
A11314_1,South,101.5,5.92
A11314_2,South,102.4,6.48
A11314_3,South,102.49999999999997,7.04
A11314_4,South,143.40000000000003,7.82
A11315_0,South,1.0,5.37
A11315_1,South,42.5,5.92
A11315_2,South,43.5,6.48
A11315_3,South,43.400000000000006,7.04
A11315_4,South,60.900000000000006,7.82
A11319_0,South,1.0,5.93
A11319_1,South,471.0,11.17
A11356_0,North,0.1,-30.0
A11356_1,North,24.299999999999997,1.3
A11356_2,North,8.100000000000001,5.1
A11356_3,North,11.899999999999999,6.6
A11356_4,North,5.800000000000004,10.0
A11356_5,North,1.5999999999999943,13.5
A11356_6,North,1.6000000000000014,20.5
A11545_0,Central,140.0,18.71
A11545_1,Central,50.0,20.62
A11545_2,Central,21.0,22.15
A11556_0,South,86.0,18.38
A11556_1,South,47.0,19.22
A11556_2,South,66.0,20.39
A11607_0,Central,83.0,19.37
A11607_1,Central,67.0,20.69
A11617,North,200.0,-34.77
A11627,North,62.3,0.0
A11628,North,100.0,0.0
A11663,North,301.1,-12.0
A11871,South,30.0,119.0
A11873_0,North,97.0,6.51
A11873_1,North,31.0,6.99
A11873_2,North,31.0,7.47
A11873_3,North,31.0,7.95
A11873_4,North,31.0,8.42
A11873_5,North,31.0,8.9
A11873_6,North,31.0,9.38
A11873_7,North,31.0,9.85
A11874_0,North,97.0,6.51
A11874_1,North,31.0,6.99
A11874_2,North,31.0,7.47
A11874_3,North,31.0,7.95
A11874_4,North,31.0,8.42
A11874_5,North,31.0,8.9
A11874_6,North,31.0,9.38
A11874_7,North,31.0,9.85
A11875_0,South,1.0,4.77
A11875_1,South,490.0,11.01
A11875_2,South,60.0,13.94
A11876_0,South,1.0,4.86
A11876_1,South,480.0,10.8
A11876_2,South,60.0,14.44
A11877_0,South,1.0,7.47
A11877_1,South,489.0,14.42
A11877_2,South,59.0,19.19
A11878_0,South,1.0,5.66
A11878_1,South,486.0,14.55
A11878_2,South,60.0,19.08
A11880_0,Central,404.0,10.33
A11880_1,Central,34.0,10.36
A11880_2,Central,34.0,10.55
A11880_3,Central,34.0,10.85
A11880_4,Central,34.0,11.26
A11880_5,Central,34.0,11.8
A11880_6,Central,34.0,12.45
A11880_7,Central,34.0,13.21
A11907,North,105.0,-10.0
A11950,North,250.3,-12.0
A12132,Central,16.6,0.0
A12133,Central,132.8,-23.44
A12140,Central,1.0,10.37
A12493,North,200.0,-35.08
A12752_0,Central,102.0,15.86
A12752_1,Central,61.0,15.88
A12752_2,Central,0.09999999999999432,40.87
A12752_3,Central,36.900000000000006,40.88
A12753,Central,100.0,-33.0
A12762_0,North,4.0,0.0
A12762_1,North,23.0,999.0
A12822,North,168.0,-12.0
A12823,North,340.0,-12.0
A13077_0,North,9.0,17.15
A13077_1,North,9.0,18.39
A13077_2,North,7.0,19.35
A13077_3,North,11.0,20.87
A13077_4,North,10.0,22.25
A13309,Central,999.0,-24.45
A13319,South,81.0,999.0
A13379,North,250.0,13.6
A13536_0,South,1.0,10.02
A13536_1,South,231.0,13.42
A13536_2,South,28.100000000000023,17.97
A13537_0,South,1.0,10.72
A13537_1,South,233.0,13.53
A13537_2,South,28.100000000000023,18.51
A13538_0,South,1.0,7.41
A13538_1,South,236.0,10.89
A13538_2,South,28.100000000000023,14.1
A13618_0,South,21.8,17.48
A13618_1,South,3.6999999999999993,17.72
A13618_2,South,8.299999999999997,18.25
A13618_3,South,16.6,19.32
A13647_0,Central,380.0,14.64
A13647_1,Central,180.0,26.13
A13962,North,117.0,-35.0
A13964,North,65.0,-32.99
A13965,North,300.0,-34.0
A13966_0,North,1.0,-33.0
A13966_1,North,103.0,-32.0
A13969_0,Central,46.8,17.7
A13969_1,Central,88.89999999999999,18.85
A13969_2,Central,10.300000000000011,46.75
A13985_0,North,0.1,-31.66
A13985_1,North,99.9,-31.65
A13986_0,North,4.0,23.78
A13986_1,North,5.5,23.88
A13986_2,North,9.5,24.04
A13986_3,North,9.5,24.2
A13986_4,North,9.5,24.37
A14023,North,200.0,-12.0
A14031_0,South,26.5,9.62
A14031_1,South,3.6000000000000014,9.68
A14031_2,South,3.3999999999999986,9.74
A14031_3,South,3.5,9.8
A14031_4,South,1.6000000000000014,9.83
A14031_5,South,11.399999999999999,10.03
A14222,Central,81.0,-30.37
A14223,Central,0.1,-31.38
A14256_0,South,1.0,6.22
A14256_1,South,744.0,12.28
A14256_2,South,193.0,17.59
A14274_0,North,1.0,-34.0
A14274_1,North,169.0,-33.0
A14289_0,North,0.1,7.0
A14289_1,North,99.9,7.01
A14329,North,310.4,-12.0
A14330,North,500.8,-12.0
A14514,Central,89.0,-23.44
A14517_0,Central,49.0,-33.66
A14517_1,Central,19.0,999.0
A14556_0,Central,11.4,12.87
A14556_1,Central,6.299999999999999,12.88
A14557_0,Central,11.4,12.87
A14557_1,Central,6.299999999999999,12.88
A14558_0,Central,11.4,12.87
A14558_1,Central,6.299999999999999,12.88
A14559_0,Central,11.4,12.87
A14559_1,Central,6.299999999999999,12.88
A14560_0,Central,11.4,12.87
A14560_1,Central,6.299999999999999,12.88
A14561_0,Central,11.4,12.87
A14561_1,Central,6.299999999999999,12.88
A14562_0,Central,11.4,12.87
A14562_1,Central,6.299999999999999,12.88
A14563_0,Central,11.4,12.87
A14563_1,Central,6.299999999999999,12.88
A14564_0,Central,11.2,12.87
A14564_1,Central,6.199999999999999,12.88
A14565_0,Central,11.4,12.87
A14565_1,Central,6.299999999999999,12.88
A14567_0,South,1.0,18.71
A14567_1,South,5.5,18.76
A14567_2,South,6.4,18.81
A14567_3,South,6.499999999999998,18.87
A14567_4,South,9.100000000000001,18.95
A14605_0,North,1.0,-50.0
A14605_1,North,9.0,0.0
A14606_0,North,5.0,27.11
A14606_1,North,10.0,43.99
A14606_2,North,0.5999999999999996,45.0
A14612,North,12.0,163.41
A14845,Central,4.7,0.0
A14847,Central,7.1,0.0
A14849,Central,0.9,0.0
A14852,Central,15.2,0.0
A14861,Central,4.8,0.0
A14868,Central,4.9,0.0
A14869,Central,3.1,0.0
A14890_0,Central,6.5,0.07
A14890_1,Central,0.09999999999999964,0.09
A14891_0,Central,2.4,0.07
A14891_1,Central,0.10000000000000009,0.09
A14896_0,North,81.0,-35.51
A14896_1,North,69.0,999.0
A15171_0,Central,189.0,10.69
A15171_1,Central,21.5,10.79
A15171_2,Central,21.5,10.89
A15171_3,Central,21.5,10.98
A15171_4,Central,21.5,11.08
A15171_5,Central,21.5,11.18
A15171_6,Central,21.5,11.28
A15171_7,Central,21.5,11.38
A15172_0,Central,189.0,10.69
A15172_1,Central,21.5,10.79
A15172_2,Central,21.5,10.89
A15172_3,Central,21.5,10.98
A15172_4,Central,21.5,11.08
A15172_5,Central,21.5,11.18
A15172_6,Central,21.5,11.28
A15172_7,Central,21.5,11.38
A15186,North,150.0,-35.51
A15206,North,105.6,-33.07
A15213_0,North,50.0,3.0
A15213_1,North,50.0,3.01
A15247,North,250.0,-12.0
A15448,North,150.0,-34.77
A15458,Central,116.0,-1.0
A15484_0,South,1.0,8.75
A15484_1,South,785.0,10.54
A15484_2,South,60.0,15.25
A15485_0,South,1.0,8.29
A15485_1,South,741.0,11.32
A15485_2,South,189.0,16.6
A15505,North,200.0,-34.0
A15506_0,North,1.0,-34.0
A15506_1,North,199.0,-33.0
A15508_0,South,1.0,13.54
A15508_1,South,12.0,15.36
A15509_0,South,1.0,13.54
A15509_1,South,12.0,15.36
A15520,North,200.0,-31.65
A15531,North,41.2,-34.77
A15533,North,59.0,-34.77
A15534,North,200.0,-34.77
A15568,North,200.9,-12.0
A15569_0,North,100.0,0.0
A15569_1,North,100.0,0.01
A15753,Central,148.8,-23.44
A15765_0,Central,31.0,-33.66
A15765_1,Central,32.0,999.0
A15768,North,0.1,-34.33
A15780,Central,4.7,206.36
A15781_0,Central,0.1,12.0
A15781_1,Central,149.9,12.01
A15877,North,90.8,-12.0
A16114_0,South,1.0,19.62
A16114_1,South,17.0,21.43
A16114_2,South,47.0,23.23
A16114_3,South,35.0,25.02
A16114_4,South,30.0,26.82
A16430,Central,31.4,50.3
A16431,Central,31.4,50.3
A16432_0,Central,12.0,45.73
A16432_1,Central,4.800000000000001,46.62
A16432_2,Central,4.800000000000001,47.5
A16432_3,Central,4.799999999999997,48.39
A16432_4,Central,4.800000000000001,49.27
A16432_5,Central,4.800000000000001,50.16
A16432_6,Central,4.799999999999997,51.05
A16432_7,Central,4.800000000000004,51.93
A16432_8,Central,4.799999999999997,52.82
A16433_0,Central,12.0,49.12
A16433_1,Central,4.800000000000001,49.25
A16433_2,Central,4.800000000000001,49.38
A16433_3,Central,4.799999999999997,49.52
A16433_4,Central,4.800000000000001,49.65
A16433_5,Central,4.800000000000001,49.79
A16433_6,Central,4.799999999999997,49.92
A16433_7,Central,4.800000000000004,50.05
A16433_8,Central,4.799999999999997,50.19
A16434_0,Central,16.8,48.84
A16434_1,Central,28.8,48.85
A16434_2,Central,4.799999999999997,48.86
A16435_0,Central,47.0,15.89
A16435_1,Central,13.299999999999997,16.52
A16435_2,Central,13.299999999999997,17.14
A16435_3,Central,13.300000000000011,17.77
A16435_4,Central,13.299999999999997,18.4
A16435_5,Central,13.299999999999997,19.02
A16435_6,Central,13.299999999999997,19.65
A16435_7,Central,13.299999999999997,20.27
A16435_8,Central,13.300000000000011,20.9
A16436_0,Central,47.0,16.17
A16436_1,Central,13.299999999999997,16.36
A16436_2,Central,13.299999999999997,16.56
A16436_3,Central,13.300000000000011,16.75
A16436_4,Central,13.299999999999997,16.94
A16436_5,Central,0.7999999999999972,41.95
A16436_6,Central,13.299999999999997,42.15
A16436_7,Central,13.299999999999997,42.34
A16436_8,Central,13.300000000000011,42.53
A16437_0,Central,47.0,11.87
A16437_1,Central,13.299999999999997,14.62
A16437_2,Central,13.299999999999997,14.88
A16437_3,Central,13.300000000000011,15.14
A16437_4,Central,13.299999999999997,15.4
A16437_5,Central,13.299999999999997,15.65
A16437_6,Central,13.299999999999997,15.91
A16437_7,Central,13.299999999999997,16.17
A16437_8,Central,13.300000000000011,16.42
A16452,Central,5.0,0.0
A16464_0,North,1.0,-35.51
A16464_1,North,129.0,-35.5
A16485,North,1.0,-34.33
A16783,Central,10.0,103.31
A16807,North,150.0,0.0
A16808,North,205.5,0.0
A16809,North,200.0,-34.77
